a.a.a.a.a.a.a.TEST,0,0,25
a.a.a.a.a.a.a.TEST,0,0,12
a.a.a.a.a.a.a.TEST,0,0,18
a.a.a.a.a.a.a.TEST,0,0,15
a.a.a.a.a.a.a.TEST,0,0,5
a.a.a.a.a.a.a.TEST,0,0,25
a.a.a.a.a.a.a.TEST,0,0,12
a.a.a.a.a.a.a.TEST,0,0,19
a.a.a.a.a.a.a.TEST,0,0,15
a.a.a.a.a.a.a.TEST,0,0,5
a.a.a.a.a.a.a.TEST,0,0,25
a.a.a.a.a.a.a.TEST,0,0,12
a.a.a.a.a.a.a.TEST,0,0,18
a.a.a.a.a.a.a.TEST,0,0,90
a.a.a.a.a.a.a.TEST,0,0,5
a.a.a.a.a.a.a.TEST,0,0,25
a.a.a.a.a.a.a.TEST,0,0,12
a.a.a.a.a.a.a.TEST,0,0,18
a.a.a.a.a.a.a.TEST,0,0,15
a.a.a.a.a.a.a.TEST,0,0,5
a.a.a.a.a.a.a.TEST,0,0,25
a.a.a.a.a.a.a.TEST,0,0,12
a.a.a.a.a.a.a.TEST,0,0,18
a.a.a.a.a.a.a.TEST,0,0,15
b.a.a.a.a.a.TEST,0,0,5
b.a.b.b.a.a.TEST,0,0,25
b.a.b.b.a.a.TEST,0,0,12
b.a.b.b.b.b.b.b.a.TEST,0,0,65
b.a.b.b.a.a.TEST,0,0,15
b.a.a.a.a.a.TEST,0,0,5
b.a.a.a.a.a.TEST,0,0,25
b.a.a.a.a.a.TEST,0,0,12
b.a.a.a.a.a.TEST,0,0,18
b.a.a.a.a.a.TEST,0,0,15
b.a.a.a.a.a.TEST,0,0,5