className,B,CBO,CLOC,COM_RAT,Command,Cons,CSA,CSO,CSOA,Cyclic,D,Dcy,Dcy*,DIT,Dpt,Dpt*,E,Inner,Inner,Jf,JLOC,Jm,JTA,JTM,LCOM,Level,Level*,LOC,MPC,N,n,NAAC,NAIC,NCLOC,NOAC,NOC,NOIC,NOOC,NTP,OCavg,OCmax,OPavg,OSavg,OSmax,PDcy,PDpt,Query,RFC,STAT,SUB,TCOM_RAT,TODO,V,WMC
ch.unisg.app.AppApplication,0,0,0,0.00%,1,0,0,14,14,0,2,0,0,1,0,0,75,0,0,100.00%,0,0.00%,0,0,1,1,1,7,1,10,8,0,0,7,1,0,11,0,0,1.00,1,1.00,1.00,1,0,0,0,2,1,0,0.00%,0,30,1
ch.unisg.app.AppApplicationTests,0,0,0,0.00%,1,0,0,14,14,0,0,0,0,1,0,0,0,0,0,100.00%,0,0.00%,0,0,1,1,1,6,0,2,2,0,0,6,1,0,11,0,0,1.00,1,0.00,0.00,0,0,0,0,1,0,0,0.00%,0,2,1
ch.unisg.app.HelloController,0,0,0,0.00%,0,0,0,15,15,0,11,0,0,1,0,0,2’829,0,0,100.00%,0,0.00%,0,0,1,1,1,24,9,48,33,0,0,24,2,0,11,0,0,1.50,2,0.50,6.00,6,0,0,2,14,12,0,0.00%,0,242,3
ch.unisg.app.NewExecutorController,0,1,1,1.35%,0,0,1,15,16,0,28,1,1,1,0,0,24’244,0,0,0.00%,0,0.00%,0,0,1,2,2,74,30,134,81,1,0,73,2,0,11,0,0,1.17,3,1.00,2.58,13,1,0,2,28,31,0,1.37%,0,849,14
ch.unisg.app.NewTaskController,0,1,5,4.63%,0,0,1,16,17,0,39,1,1,1,0,0,47’974,0,0,0.00%,0,0.00%,0,0,1,2,2,108,47,190,84,1,0,103,3,0,11,0,0,1.23,3,1.00,3.46,14,1,0,3,33,45,0,4.85%,0,1’214,16
ch.unisg.app.formats.ExecutorJsonRepresentation,0,1,0,0.00%,1,1,5,19,24,0,4,0,0,1,1,1,939,0,0,0.00%,0,0.00%,0,0,4,1,1,44,0,45,29,5,0,44,5,0,11,0,0,1.00,1,0.67,3.00,3,0,1,4,6,3,0,0.00%,0,218,1
ch.unisg.app.formats.TaskJsonRepresentation,0,1,25,23.81%,6,0,9,27,36,0,4,0,0,1,1,1,1’375,0,0,0.00%,6,0.00%,0,0,8,1,1,105,0,62,37,9,0,80,14,0,11,0,0,0,0,0.43,0,0,0,1,8,14,0,0,31.25%,0,322,0
ch.unisg.tapas.TapasAuctionHouseApplication,0,0,3,27.27%,1,0,0,14,14,0,3,0,0,1,0,0,104,0,0,100.00%,3,0.00%,0,0,1,1,1,11,1,11,9,0,0,8,1,0,11,0,0,1.00,1,1.00,1.00,1,0,0,0,3,1,0,37.50%,0,34,1
ch.unisg.tapas.TapasAuctionHouseApplicationTests,0,0,0,0.00%,1,0,0,14,14,0,0,0,0,1,0,0,0,0,0,100.00%,0,0.00%,0,0,1,1,1,6,0,2,2,0,0,6,1,0,11,0,0,1.00,1,0.00,0.00,0,0,0,0,1,0,0,0.00%,0,2,1
ch.unisg.tapas.auctionhouse.adapter.common.clients.TapasMqttClient,0,5,37,42.53%,5,1,7,20,27,1,43,2,25,1,4,4,33’508,1,0,0.00%,36,71.43%,0,0,2,8,9,87,4,133,55,7,0,50,6,0,11,0,0,1.57,2,1.00,3.14,2,2,2,1,21,22,0,74.00%,0,768,11
ch.unisg.tapas.auctionhouse.adapter.common.clients.TapasMqttClient.MessageReceivedCallback,0,2,0,0.00%,3,0,0,19,19,1,11,2,25,1,1,4,1’401,0,1,100.00%,0,0.00%,0,0,3,8,9,14,4,29,21,0,0,14,3,0,11,0,0,1.33,2,1.33,1.00,3,2,1,0,8,3,0,0.00%,0,127,4
ch.unisg.tapas.auctionhouse.adapter.common.formats.AuctionHouseJsonRepresentation,0,3,0,0.00%,2,0,3,18,21,0,6,2,2,1,1,1,452,0,0,0.00%,0,0.00%,0,0,3,2,2,12,2,19,14,3,0,12,5,0,11,0,0,1.00,1,0.60,3.00,3,1,1,3,8,3,0,0.00%,0,72,1
ch.unisg.tapas.auctionhouse.adapter.common.formats.AuctionJsonRepresentation,0,14,7,5.43%,8,3,9,34,43,0,32,10,14,1,4,4,39’460,0,0,0.00%,6,0.00%,0,0,3,4,4,129,31,185,99,9,0,122,18,0,11,0,0,1.00,1,0.90,4.80,8,1,2,10,52,24,0,5.74%,0,1’226,5
ch.unisg.tapas.auctionhouse.adapter.common.formats.BidJsonRepresentation,0,3,0,0.00%,0,1,5,18,23,0,3,0,0,1,3,3,395,0,0,0.00%,0,0.00%,0,0,4,1,1,22,0,31,19,5,0,22,4,0,11,0,0,1.00,1,0.80,4.00,4,0,3,4,5,4,0,0.00%,0,131,1
ch.unisg.tapas.auctionhouse.adapter.common.formats.DelegateTaskJsonRepresentation,0,1,0,0.00%,0,1,4,17,21,0,3,0,0,1,1,1,300,0,0,0.00%,0,0.00%,0,0,3,1,1,18,0,25,16,4,0,18,3,0,11,0,0,1.00,1,0.75,3.00,3,0,1,3,4,3,0,0.00%,0,100,1
ch.unisg.tapas.auctionhouse.adapter.in.messaging.http.ExecutorAddedEventListenerHttpAdapter,0,4,4,21.05%,0,0,0,14,14,0,2,4,7,1,0,0,166,0,0,100.00%,4,0.00%,0,0,1,5,5,19,1,18,13,0,0,15,1,0,11,0,0,1.00,1,2.00,4.00,4,3,0,1,6,4,0,26.67%,0,66,1
ch.unisg.tapas.auctionhouse.adapter.in.messaging.http.ExecutorRemovedEventListenerHttpAdapter,0,3,4,23.53%,0,0,0,14,14,0,2,3,7,1,0,0,129,0,0,100.00%,4,0.00%,0,0,1,5,5,17,1,15,11,0,0,13,1,0,11,0,0,1.00,1,1.00,4.00,4,3,0,1,5,4,0,30.77%,0,51,1
ch.unisg.tapas.auctionhouse.adapter.in.messaging.http.RetrieveDiscoveryLinksHttpAdapter,0,3,0,0.00%,0,1,2,15,17,0,10,3,3,1,0,0,1’730,0,0,0.00%,0,0.00%,0,0,1,3,3,17,8,36,28,2,0,17,1,0,11,0,0,2.00,2,0.50,6.00,6,2,0,1,12,6,0,0.00%,0,173,2
ch.unisg.tapas.auctionhouse.adapter.in.messaging.mqtt.AuctionHouseEventMqttDispatcher,0,8,23,47.92%,3,1,2,18,20,0,10,4,23,1,4,5,1’884,0,0,0.00%,22,40.00%,0,0,1,7,7,48,6,39,22,2,0,25,4,0,11,0,0,1.00,1,1.40,1.60,3,2,2,1,10,8,0,92.00%,1,173,5
ch.unisg.tapas.auctionhouse.adapter.in.messaging.mqtt.AuctionHouseEventMqttListener,0,0,0,0,0,0,0,0,0,0,0,0,0,0,0,0,0,0,0,0,0,0,0,0,0,0,0,0,0,0,0,0,0,0,0,0,0,0,0,0,0,0,0,0,0,0,0,1,0,0,0,0,0,0
ch.unisg.tapas.auctionhouse.adapter.in.messaging.mqtt.AuctionStartedEventListenerMqttAdapter,0,15,3,7.32%,0,1,2,16,18,0,16,13,18,1,2,6,8’205,0,1,0.00%,3,0.00%,0,0,1,6,6,41,25,90,50,2,0,38,1,0,11,0,0,1.00,1,1.00,16.00,16,3,2,1,25,16,0,7.89%,0,507,1
ch.unisg.tapas.auctionhouse.adapter.in.messaging.mqtt.ExecutorAddedEventListenerMqttAdapter,0,6,6,19.35%,0,1,2,16,18,0,10,5,6,1,1,6,2’519,0,1,0.00%,4,0.00%,0,0,1,4,4,31,10,46,33,2,0,25,1,0,11,0,0,1.00,1,1.00,10.00,10,3,1,1,15,10,0,24.00%,0,232,1
ch.unisg.tapas.auctionhouse.adapter.in.messaging.mqtt.PlaceBidForAuctionEventListenerMqttAdapter,0,9,0,0.00%,0,1,2,16,18,0,14,8,9,1,1,1,5’272,0,1,0.00%,0,0.00%,0,0,1,5,5,31,18,68,41,2,0,31,1,0,11,0,0,1.00,1,1.00,13.00,13,3,1,1,20,13,0,0.00%,0,364,1
ch.unisg.tapas.auctionhouse.adapter.in.messaging.websub.AuctionStartedEventListenerWebSubAdapter,0,12,3,6.00%,0,1,2,15,17,0,20,12,22,1,0,0,13’128,0,0,0.00%,3,0.00%,0,0,1,7,7,50,27,109,55,2,0,47,1,0,11,0,0,3.00,3,1.00,22.00,22,3,0,1,26,22,0,6.38%,0,630,3
ch.unisg.tapas.auctionhouse.adapter.in.messaging.websub.WebSubIntentVerificationListener,0,1,4,19.05%,0,0,1,14,15,0,5,0,0,1,1,2,819,0,0,0.00%,3,0.00%,0,0,1,1,1,21,3,31,26,1,0,17,1,0,11,0,0,1.00,1,3.00,4.00,4,0,1,1,6,4,0,23.53%,0,145,1
ch.unisg.tapas.auctionhouse.adapter.in.web.CrawlingForAuctionHousesWebController,0,2,0,0.00%,0,1,2,15,17,0,5,2,2,1,0,0,951,0,0,0.00%,0,0.00%,0,0,1,3,3,22,3,34,28,2,0,22,1,0,11,0,0,1.00,1,1.00,4.00,4,2,0,1,7,4,0,0.00%,0,163,1
ch.unisg.tapas.auctionhouse.adapter.in.web.LaunchAuctionWebController,0,9,18,37.50%,0,1,3,15,18,0,13,9,19,1,0,0,4’382,0,0,0.00%,15,50.00%,0,0,1,5,5,48,13,61,40,3,0,30,1,0,11,0,0,2.00,2,1.50,7.00,7,4,0,1,20,7,0,60.00%,1,324,2
ch.unisg.tapas.auctionhouse.adapter.in.web.PlaceBidForAuctionWebController,0,8,0,0.00%,0,1,1,15,16,0,7,8,9,1,0,0,1’061,0,0,0.00%,0,0.00%,0,0,1,5,5,22,7,34,22,1,0,22,1,0,11,0,0,1.00,1,1.00,7.00,7,3,0,1,14,7,0,0.00%,0,151,1
ch.unisg.tapas.auctionhouse.adapter.in.web.RetrieveAllExecutorTypesWebController,0,1,0,0.00%,0,1,0,15,15,0,5,1,3,1,0,0,519,0,0,100.00%,0,0.00%,0,0,1,3,3,15,5,22,19,0,0,15,1,0,11,0,0,1.00,1,0.00,4.00,4,1,0,1,9,4,0,0.00%,0,93,1
ch.unisg.tapas.auctionhouse.adapter.in.web.RetrieveAuctionWebController,0,6,13,34.21%,0,1,1,15,16,0,7,6,19,1,0,0,1’503,0,0,0.00%,13,50.00%,0,0,1,5,5,38,4,39,29,1,0,25,1,0,11,0,0,1.00,1,1.00,8.00,8,3,0,1,12,8,0,52.00%,0,189,1
ch.unisg.tapas.auctionhouse.adapter.in.web.RetrieveDiscoveredAuctionHouses,0,4,0,0.00%,0,1,1,15,16,0,6,4,4,1,0,0,906,0,0,0.00%,0,0.00%,0,0,1,3,3,23,3,30,26,1,0,23,1,0,11,0,0,1.00,1,0.50,7.00,7,3,0,1,8,7,0,0.00%,0,141,1
ch.unisg.tapas.auctionhouse.adapter.in.web.RetrieveOpenAuctionsWebController,0,6,13,30.95%,0,1,3,15,18,0,13,6,21,1,0,0,4’589,0,0,0.00%,13,50.00%,0,0,1,5,5,42,13,62,41,3,0,29,1,0,11,0,0,2.00,2,0.50,13.00,13,5,0,1,17,13,0,44.83%,0,332,2
ch.unisg.tapas.auctionhouse.adapter.in.web.SubscribeToAuctionFeedDirectoryWebController,0,4,13,23.21%,0,1,3,15,18,0,14,4,5,1,0,0,5’800,0,0,0.00%,12,50.00%,0,0,1,4,4,56,11,75,44,3,0,43,1,0,11,0,0,2.00,2,1.00,17.00,17,3,0,1,12,17,0,30.23%,0,409,2
ch.unisg.tapas.auctionhouse.adapter.in.web.SubscribeToAuctionFeedWebController,0,3,11,36.67%,0,1,2,15,17,0,6,3,4,1,0,0,928,0,0,0.00%,11,50.00%,0,0,1,4,4,30,3,32,23,2,0,19,1,0,11,0,0,1.00,1,1.00,4.00,4,2,0,1,8,4,0,57.89%,0,144,1
ch.unisg.tapas.auctionhouse.adapter.out.messaging.http.AuctionWonEventHttpAdapter,0,9,4,10.53%,1,0,1,15,16,0,30,9,17,1,0,0,12’535,0,1,0.00%,4,0.00%,0,0,1,6,6,38,30,72,51,1,0,34,1,0,11,0,0,1.00,1,1.00,14.00,14,3,0,0,29,14,0,11.76%,0,408,1
ch.unisg.tapas.auctionhouse.adapter.out.messaging.http.CrawlingForAuctionHousesHttpAdapter,0,3,0,0.00%,0,0,1,15,16,0,26,3,3,1,0,0,13’125,0,1,0.00%,0,0.00%,0,0,1,3,3,36,27,85,59,1,0,36,1,0,11,0,0,3.00,3,1.00,22.00,22,2,0,1,24,22,0,0.00%,0,500,3
ch.unisg.tapas.auctionhouse.adapter.out.messaging.mqtt.PlaceBidForAuctionMqttAdapter,0,11,3,8.82%,1,1,2,16,18,0,22,11,29,1,0,0,6’915,0,1,0.00%,3,0.00%,0,0,1,9,10,34,19,57,42,2,0,31,1,0,11,0,0,1.00,1,1.50,11.00,11,5,0,0,23,11,0,9.68%,0,307,1
ch.unisg.tapas.auctionhouse.adapter.out.messaging.mqtt.PublishAuctionStartedEventMqttAdapter,0,9,5,12.20%,1,1,4,16,20,0,19,9,33,1,0,0,6’955,0,1,0.00%,3,0.00%,0,0,1,9,10,41,17,67,39,4,0,36,1,0,11,0,0,1.00,1,2.00,15.00,15,6,0,0,18,15,0,13.89%,0,354,1
ch.unisg.tapas.auctionhouse.adapter.out.messaging.mqtt.SubscribeToAuctionFeedMqttAdapter,0,6,3,12.50%,1,1,4,16,20,0,12,6,28,1,0,0,2’496,0,1,0.00%,0,0.00%,0,0,1,9,10,24,9,41,28,4,0,21,1,0,11,0,0,1.00,1,2.00,6.00,6,5,0,0,10,6,0,14.29%,0,197,1
ch.unisg.tapas.auctionhouse.adapter.out.messaging.websub.PublishAuctionStartedEventWebSubAdapter,0,3,5,13.16%,1,0,2,15,17,0,20,3,17,1,0,0,8’049,0,1,0.00%,3,0.00%,0,0,1,6,6,38,21,71,48,2,0,33,1,0,11,0,0,1.00,1,1.00,15.00,15,3,0,0,18,15,0,15.15%,0,396,1
ch.unisg.tapas.auctionhouse.adapter.out.messaging.websub.SubscribeToAuctionFeedWebSubAdapter,0,5,4,8.51%,1,0,3,16,19,0,29,4,4,1,1,1,19’829,0,1,0.00%,0,0.00%,0,0,2,3,3,47,29,108,72,3,0,43,2,0,11,0,0,2.50,4,1.00,10.00,12,4,1,1,26,20,0,9.30%,0,666,5
ch.unisg.tapas.auctionhouse.adapter.out.web.AuctionHouseDirectoryAdapter,0,3,9,23.68%,0,0,1,16,17,0,22,3,3,1,0,0,7’445,0,1,0.00%,7,50.00%,0,0,1,3,3,38,19,59,46,1,0,29,2,0,11,0,0,1.50,2,1.00,7.00,8,3,0,2,24,14,0,31.03%,0,325,3
ch.unisg.tapas.auctionhouse.adapter.out.web.PlaceBidForAuctionHttpAdapter,0,9,3,10.00%,1,0,0,15,15,0,20,9,16,1,0,0,5’643,0,1,100.00%,3,0.00%,0,0,1,5,5,30,24,51,44,0,0,27,1,0,11,0,0,1.00,1,2.00,9.00,9,3,0,0,26,9,0,11.11%,0,278,1
ch.unisg.tapas.auctionhouse.application.handler.AuctionStartedHandler,0,15,10,27.78%,0,0,3,15,18,0,27,14,21,1,1,1,9’490,0,1,0.00%,10,100.00%,0,0,1,6,6,36,23,64,42,3,0,26,1,0,11,0,0,2.00,2,1.00,7.00,7,4,1,1,23,7,0,38.46%,0,345,2
ch.unisg.tapas.auctionhouse.application.handler.ExecutorAddedHandler,0,4,0,0.00%,0,0,0,15,15,0,9,3,6,1,1,1,358,0,1,100.00%,0,0.00%,0,0,1,4,4,8,4,12,10,0,0,8,1,0,11,0,0,1.00,1,1.00,1.00,1,2,1,1,5,1,0,0.00%,0,39,1
ch.unisg.tapas.auctionhouse.application.handler.ExecutorRemovedHandler,0,4,4,36.36%,0,0,0,15,15,0,4,3,6,1,1,1,126,0,1,100.00%,4,0.00%,0,0,1,4,4,11,3,10,9,0,0,7,1,0,11,0,0,1.00,1,1.00,1.00,1,2,1,1,4,1,0,57.14%,0,31,1
ch.unisg.tapas.auctionhouse.application.port.in.auctions.AuctionStartedEvent,0,6,3,25.00%,0,1,2,21,23,0,3,2,15,2,4,10,122,0,0,0.00%,3,0.00%,0,0,2,4,4,12,1,11,9,1,1,9,2,0,9,3,0,1.00,1,0.50,2.00,2,2,4,5,7,2,0,33.33%,0,34,1
ch.unisg.tapas.auctionhouse.application.port.in.auctions.AuctionStartedEventHandler,0,0,0,0,0,0,0,0,0,0,0,0,0,0,0,0,0,0,0,0,0,0,0,0,0,0,0,0,0,0,0,0,0,0,0,0,0,0,0,0,0,0,0,0,0,0,0,1,0,0,0,0,0,0
ch.unisg.tapas.auctionhouse.application.port.in.auctions.LaunchAuctionCommand,0,8,10,35.71%,0,1,5,24,29,0,3,5,5,2,3,4,355,0,0,0.00%,10,11.11%,0,0,5,2,2,28,1,26,15,4,1,18,5,0,9,3,0,1.00,1,0.67,5.00,5,2,3,8,10,5,0,55.56%,0,101,1
ch.unisg.tapas.auctionhouse.application.port.in.auctions.LaunchAuctionUseCase,0,0,0,0,0,0,0,0,0,0,0,0,0,0,0,0,0,0,0,0,0,0,0,0,0,0,0,0,0,0,0,0,0,0,0,0,0,0,0,0,0,0,0,0,0,0,0,1,0,0,0,0,0,0
ch.unisg.tapas.auctionhouse.application.port.in.auctions.PlaceBidForAuctionEvent,0,6,0,0.00%,0,1,2,21,23,0,3,2,6,2,4,5,122,0,0,0.00%,0,0.00%,0,0,2,3,3,10,1,11,9,1,1,10,2,0,9,3,0,1.00,1,0.50,2.00,2,2,4,5,7,2,0,0.00%,0,34,1
ch.unisg.tapas.auctionhouse.application.port.in.auctions.PlaceBidForAuctionEventHandler,0,0,0,0,0,0,0,0,0,0,0,0,0,0,0,0,0,0,0,0,0,0,0,0,0,0,0,0,0,0,0,0,0,0,0,0,0,0,0,0,0,0,0,0,0,0,0,1,0,0,0,0,0,0
ch.unisg.tapas.auctionhouse.application.port.in.auctions.RetrieveAuctionQuery,0,5,3,25.00%,0,1,2,21,23,0,3,2,2,2,3,3,122,0,0,0.00%,3,0.00%,0,0,2,2,2,12,1,11,9,1,1,9,2,0,9,3,0,1.00,1,0.50,2.00,2,2,3,5,7,2,0,33.33%,0,34,1
ch.unisg.tapas.auctionhouse.application.port.in.auctions.RetrieveAuctionUseCase,0,0,0,0,0,0,0,0,0,0,0,0,0,0,0,0,0,0,0,0,0,0,0,0,0,0,0,0,0,0,0,0,0,0,0,0,0,0,0,0,0,0,0,0,0,0,0,1,0,0,0,0,0,0
ch.unisg.tapas.auctionhouse.application.port.in.auctions.RetrieveOpenAuctionsQuery,0,3,4,80.00%,0,0,0,13,13,0,0,0,0,1,3,3,0,0,0,100.00%,4,100.00%,0,0,0,1,1,5,0,2,2,0,0,1,0,0,11,0,0,0,0,0.00,0,0,0,3,0,0,0,0,400.00%,0,2,0
ch.unisg.tapas.auctionhouse.application.port.in.auctions.RetrieveOpenAuctionsUseCase,0,0,0,0,0,0,0,0,0,0,0,0,0,0,0,0,0,0,0,0,0,0,0,0,0,0,0,0,0,0,0,0,0,0,0,0,0,0,0,0,0,0,0,0,0,0,0,1,0,0,0,0,0,0
ch.unisg.tapas.auctionhouse.application.port.in.executors.ExecutorAddedEvent,0,7,8,40.00%,0,1,3,22,25,0,3,3,3,2,4,10,193,0,0,0.00%,8,14.29%,0,0,3,2,2,20,1,16,11,2,1,12,3,0,9,3,0,1.00,1,0.57,3.00,3,2,4,6,8,3,0,66.67%,0,55,1
ch.unisg.tapas.auctionhouse.application.port.in.executors.ExecutorAddedEventHandler,0,0,0,0,0,0,0,0,0,0,0,0,0,0,0,0,0,0,0,0,0,0,0,0,0,0,0,0,0,0,0,0,0,0,0,0,0,0,0,0,0,0,0,0,0,0,0,1,0,0,0,0,0,0
ch.unisg.tapas.auctionhouse.application.port.in.executors.ExecutorRemovedEvent,0,5,8,47.06%,0,1,2,21,23,0,3,2,2,2,3,3,122,0,0,0.00%,8,16.67%,0,0,2,2,2,17,1,11,9,1,1,9,2,0,9,3,0,1.00,1,0.50,2.00,2,2,3,5,7,2,0,88.89%,0,34,1
ch.unisg.tapas.auctionhouse.application.port.in.executors.ExecutorRemovedEventHandler,0,0,0,0,0,0,0,0,0,0,0,0,0,0,0,0,0,0,0,0,0,0,0,0,0,0,0,0,0,0,0,0,0,0,0,0,0,0,0,0,0,0,0,0,0,0,0,1,0,0,0,0,0,0
ch.unisg.tapas.auctionhouse.application.port.in.feeds.CrawlingForAuctionHousesUseCase,0,0,0,0,0,0,0,0,0,0,0,0,0,0,0,0,0,0,0,0,0,0,0,0,0,0,0,0,0,0,0,0,0,0,0,0,0,0,0,0,0,0,0,0,0,0,0,1,0,0,0,0,0,0
ch.unisg.tapas.auctionhouse.application.port.in.feeds.RetrieveDiscoveryLinksUseCase,0,0,0,0,0,0,0,0,0,0,0,0,0,0,0,0,0,0,0,0,0,0,0,0,0,0,0,0,0,0,0,0,0,0,0,0,0,0,0,0,0,0,0,0,0,0,0,1,0,0,0,0,0,0
ch.unisg.tapas.auctionhouse.application.port.in.feeds.SubscribeToAuctionFeedCommand,0,5,3,25.00%,0,1,2,21,23,0,3,2,2,2,3,3,122,0,0,0.00%,3,0.00%,0,0,2,2,2,12,1,11,9,1,1,9,2,0,9,3,0,1.00,1,0.50,2.00,2,2,3,5,7,2,0,33.33%,0,34,1
ch.unisg.tapas.auctionhouse.application.port.in.feeds.SubscribeToAuctionFeedDirectoryCommand,0,4,3,25.00%,0,1,2,21,23,0,3,1,1,2,3,3,122,0,0,0.00%,3,0.00%,0,0,2,2,2,12,1,11,9,1,1,9,2,0,9,3,0,1.00,1,0.50,2.00,2,1,3,5,7,2,0,33.33%,0,34,1
ch.unisg.tapas.auctionhouse.application.port.in.feeds.SubscribeToAuctionFeedDirectoryUseCase,0,0,0,0,0,0,0,0,0,0,0,0,0,0,0,0,0,0,0,0,0,0,0,0,0,0,0,0,0,0,0,0,0,0,0,0,0,0,0,0,0,0,0,0,0,0,0,1,0,0,0,0,0,0
ch.unisg.tapas.auctionhouse.application.port.in.feeds.SubscribeToAuctionFeedUseCase,0,0,0,0,0,0,0,0,0,0,0,0,0,0,0,0,0,0,0,0,0,0,0,0,0,0,0,0,0,0,0,0,0,0,0,0,0,0,0,0,0,0,0,0,0,0,0,1,0,0,0,0,0,0
ch.unisg.tapas.auctionhouse.application.port.out.OutputPortError,0,5,0,0.00%,0,1,6,46,52,0,2,0,0,3,5,5,45,0,1,100.00%,0,0.00%,0,0,0,1,1,5,1,7,6,0,6,5,0,0,25,0,0,1.00,1,1.00,1.00,1,0,5,0,2,1,0,0.00%,0,18,1
ch.unisg.tapas.auctionhouse.application.port.out.auctions.AuctionStartedEventPort,0,0,0,0,0,0,0,0,0,0,0,0,0,0,0,0,0,0,0,0,0,0,0,0,0,0,0,0,0,0,0,0,0,0,0,0,0,0,0,0,0,0,0,0,0,0,0,1,0,0,0,0,0,0
ch.unisg.tapas.auctionhouse.application.port.out.auctions.AuctionWonEventPort,0,0,0,0,0,0,0,0,0,0,0,0,0,0,0,0,0,0,0,0,0,0,0,0,0,0,0,0,0,0,0,0,0,0,0,0,0,0,0,0,0,0,0,0,0,0,0,1,0,0,0,0,0,0
ch.unisg.tapas.auctionhouse.application.port.out.bids.PlaceBidForAuctionPort,0,0,0,0,0,0,0,0,0,0,0,0,0,0,0,0,0,0,0,0,0,0,0,0,0,0,0,0,0,0,0,0,0,0,0,0,0,0,0,0,0,0,0,0,0,0,0,1,0,0,0,0,0,0
ch.unisg.tapas.auctionhouse.application.port.out.feeds.CrawlingForAuctionHousesPort,0,0,0,0,0,0,0,0,0,0,0,0,0,0,0,0,0,0,0,0,0,0,0,0,0,0,0,0,0,0,0,0,0,0,0,0,0,0,0,0,0,0,0,0,0,0,0,1,0,0,0,0,0,0
ch.unisg.tapas.auctionhouse.application.port.out.feeds.RetrieveAuctionFeedsFromDirectoryPort,0,0,0,0,0,0,0,0,0,0,0,0,0,0,0,0,0,0,0,0,0,0,0,0,0,0,0,0,0,0,0,0,0,0,0,0,0,0,0,0,0,0,0,0,0,0,0,1,0,0,0,0,0,0
ch.unisg.tapas.auctionhouse.application.port.out.feeds.SubscribeToAuctionFeedPort,0,0,0,0,0,0,0,0,0,0,0,0,0,0,0,0,0,0,0,0,0,0,0,0,0,0,0,0,0,0,0,0,0,0,0,0,0,0,0,0,0,0,0,0,0,0,0,1,0,0,0,0,0,0
ch.unisg.tapas.auctionhouse.application.service.CrawlingForAuctionHousesService,0,7,0,0.00%,1,1,3,16,19,0,52,7,7,1,0,0,32’733,0,1,0.00%,0,0.00%,0,0,1,3,3,42,29,107,58,3,0,42,1,0,11,0,0,7.00,7,1.50,25.00,25,3,0,0,30,25,0,0.00%,0,626,7
ch.unisg.tapas.auctionhouse.application.service.PlaceBidForAuctionService,0,5,0,0.00%,0,0,1,15,16,0,10,5,19,1,0,0,1’432,0,1,0.00%,0,0.00%,0,0,1,5,5,16,9,30,25,1,0,16,1,0,11,0,0,1.00,1,1.00,7.00,7,2,0,1,9,7,0,0.00%,0,139,1
ch.unisg.tapas.auctionhouse.application.service.RetrieveAuctionService,0,5,4,36.36%,0,0,0,15,15,0,4,5,19,1,0,0,126,0,1,100.00%,4,0.00%,0,0,1,5,5,11,3,10,9,0,0,7,1,0,11,0,0,1.00,1,1.00,1.00,1,2,0,1,4,1,0,57.14%,0,31,1
ch.unisg.tapas.auctionhouse.application.service.RetrieveDiscoveryLinksService,0,4,0,0.00%,0,0,0,15,15,0,3,4,4,1,0,0,80,0,1,100.00%,0,0.00%,0,0,1,3,3,8,2,9,8,0,0,8,1,0,11,0,0,1.00,1,0.00,2.00,2,2,0,1,3,2,0,0.00%,0,26,1
ch.unisg.tapas.auctionhouse.application.service.RetrieveOpenAuctionsService,0,4,4,36.36%,0,0,0,15,15,0,0,4,18,1,0,0,0,0,1,100.00%,4,0.00%,0,0,1,5,5,11,2,7,6,0,0,7,1,0,11,0,0,1.00,1,1.00,1.00,1,2,0,1,3,1,0,57.14%,0,18,1
ch.unisg.tapas.auctionhouse.application.service.StartAuctionService,0,12,16,34.04%,0,1,7,16,23,1,40,12,25,1,1,1,33’536,1,1,0.00%,11,50.00%,0,0,1,6,7,47,21,134,71,7,0,31,1,0,11,0,0,1.50,2,1.50,5.50,7,5,1,1,20,11,0,95.83%,0,824,3
ch.unisg.tapas.auctionhouse.application.service.StartAuctionService.CloseAuctionTask,0,10,7,21.88%,1,1,1,16,17,1,26,10,25,1,1,1,8’107,0,1,0.00%,4,0.00%,0,0,1,6,7,32,21,59,39,1,0,25,1,0,11,0,0,1.50,2,0.50,5.50,10,3,1,0,18,11,0,28.00%,0,311,3
ch.unisg.tapas.auctionhouse.application.service.SubscribeToAuctionFeedDirectoryService,0,6,0,0.00%,1,1,3,16,19,0,7,6,7,1,0,0,874,0,1,0.00%,0,0.00%,0,0,1,4,4,17,5,28,22,3,0,17,1,0,11,0,0,2.00,2,1.50,4.00,4,4,0,0,7,4,0,0.00%,0,124,2
ch.unisg.tapas.auctionhouse.application.service.SubscribeToAuctionFeedService,0,3,0,0.00%,1,1,1,16,17,0,4,3,5,1,0,0,146,0,1,0.00%,0,0.00%,0,0,1,4,4,9,2,11,10,1,0,9,1,0,11,0,0,1.00,1,1.00,1.00,1,2,0,0,4,1,0,0.00%,0,36,1
ch.unisg.tapas.auctionhouse.domain.Auction,0,32,61,43.57%,3,4,10,31,41,0,37,10,13,1,22,31,42’945,9,0,0.00%,38,33.33%,0,0,9,3,3,140,0,199,54,10,0,79,14,0,11,0,0,1.12,1,1.56,4.62,1,1,12,11,32,37,0,84.21%,0,1’145,9
ch.unisg.tapas.auctionhouse.domain.Auction.AuctionDeadline,0,7,0,0.00%,0,1,1,18,19,0,0,0,0,1,7,34,0,0,0,0.00%,0,0.00%,0,0,1,1,1,4,0,4,4,1,0,4,1,0,8,3,0,0,0,0.40,0,0,0,7,4,5,0,0,0.00%,0,8,0
ch.unisg.tapas.auctionhouse.domain.Auction.AuctionFeedId,0,15,0,0.00%,0,1,1,18,19,0,0,0,0,1,15,42,0,0,0,0.00%,0,0.00%,0,0,1,1,1,4,0,3,3,1,0,4,1,0,8,3,0,0,0,0.40,0,0,0,11,4,5,0,0,0.00%,0,4,0
ch.unisg.tapas.auctionhouse.domain.Auction.AuctionHouseUri,0,7,0,0.00%,0,1,1,18,19,0,0,0,0,1,7,32,0,0,0,0.00%,0,0.00%,0,0,1,1,1,4,0,3,3,1,0,4,1,0,8,3,0,0,0,0.40,0,0,0,7,4,5,0,0,0.00%,0,4,0
ch.unisg.tapas.auctionhouse.domain.Auction.AuctionId,0,17,0,0.00%,0,1,1,18,19,0,0,0,0,1,17,39,0,0,0,0.00%,0,0.00%,0,0,1,1,1,4,0,3,3,1,0,4,1,0,8,3,0,0,0,0.40,0,0,0,10,4,5,0,0,0.00%,0,4,0
ch.unisg.tapas.auctionhouse.domain.Auction.AuctionStatus,0,5,0,0.00%,0,1,1,18,19,0,0,1,1,1,4,32,0,0,0,0.00%,0,0.00%,0,0,1,2,2,4,0,3,3,1,0,4,1,0,8,3,0,0,0,0.40,0,0,1,4,4,5,0,0,0.00%,0,4,0
ch.unisg.tapas.auctionhouse.domain.Auction.AuctionedInputData,0,7,0,0.00%,0,1,1,18,19,0,0,0,0,1,7,34,0,0,0,0.00%,0,0.00%,0,0,1,1,1,4,0,3,3,1,0,4,1,0,8,3,0,0,0,0.40,0,0,0,7,4,5,0,0,0.00%,0,4,0
ch.unisg.tapas.auctionhouse.domain.Auction.AuctionedTaskType,0,12,0,0.00%,0,1,1,18,19,0,0,0,0,1,12,43,0,0,0,0.00%,0,0.00%,0,0,1,1,1,4,0,3,3,1,0,4,1,0,8,3,0,0,0,0.40,0,0,0,10,4,5,0,0,0.00%,0,4,0
ch.unisg.tapas.auctionhouse.domain.Auction.AuctionedTaskUri,0,9,0,0.00%,0,1,1,18,19,0,0,0,0,1,9,34,0,0,0,0.00%,0,0.00%,0,0,1,1,1,4,0,3,3,1,0,4,1,0,8,3,0,0,0,0.40,0,0,0,9,4,5,0,0,0.00%,0,4,0
ch.unisg.tapas.auctionhouse.domain.Auction.Status,0,5,3,50.00%,0,0,4,30,34,0,0,0,0,0,5,33,0,0,3,0.00%,0,0.00%,0,0,2,1,1,6,0,2,2,2,2,3,2,0,21,0,0,0,0,0.50,0,0,0,4,2,2,0,0,100.00%,0,2,0
ch.unisg.tapas.auctionhouse.domain.AuctionHouseRegistry,0,4,0,0.00%,1,1,2,17,19,0,10,2,2,1,2,2,2’060,2,0,0.00%,0,0.00%,0,0,1,2,2,22,0,44,22,2,0,22,3,0,11,0,0,1.25,1,0.50,1.75,1,1,1,2,8,7,0,0.00%,0,196,5
ch.unisg.tapas.auctionhouse.domain.AuctionHouseRegistry.Type,0,9,0,0.00%,0,1,1,18,19,0,0,0,0,1,9,9,0,0,0,0.00%,0,0.00%,0,0,1,1,1,4,0,4,4,1,0,4,1,0,8,3,0,0,0,0.40,0,0,0,8,4,5,0,0,0.00%,0,8,0
ch.unisg.tapas.auctionhouse.domain.AuctionHouseRegistry.Uri,0,11,0,0.00%,0,1,1,18,19,0,0,0,0,1,11,11,0,0,0,0.00%,0,0.00%,0,0,1,1,1,4,0,4,4,1,0,4,1,0,8,3,0,0,0,0.40,0,0,0,8,4,5,0,0,0.00%,0,8,0
ch.unisg.tapas.auctionhouse.domain.AuctionNotFoundError,0,5,0,0.00%,0,0,6,45,51,0,0,0,0,3,5,8,0,0,1,100.00%,0,100.00%,0,0,0,1,1,1,0,3,3,0,6,1,0,0,25,0,0,0,0,0.00,0,0,0,4,0,0,0,0,0.00%,0,4,0
ch.unisg.tapas.auctionhouse.domain.AuctionRegistry,0,9,41,48.81%,1,1,2,21,23,0,41,4,15,1,5,5,17’817,0,0,0.00%,41,87.50%,0,0,2,4,4,84,19,81,40,2,0,43,7,0,11,0,0,1.38,2,0.50,2.12,6,1,1,6,21,17,0,95.35%,0,431,11
ch.unisg.tapas.auctionhouse.domain.AuctionStartedEvent,0,5,3,30.00%,0,1,1,15,16,0,2,1,14,1,4,5,36,0,0,0.00%,3,0.00%,0,0,1,4,4,10,0,7,6,1,0,7,1,0,11,0,0,1.00,1,0.50,1.00,1,1,4,1,2,1,0,42.86%,0,18,1
ch.unisg.tapas.auctionhouse.domain.AuctionWonEvent,0,5,4,28.57%,0,1,2,16,18,0,2,2,14,1,3,4,66,0,0,0.00%,3,0.00%,0,0,2,4,4,14,0,11,8,2,0,10,2,0,11,0,0,1.00,1,0.67,2.00,2,1,3,2,3,2,0,40.00%,0,33,1
ch.unisg.tapas.auctionhouse.domain.Bid,0,17,22,56.41%,0,1,4,18,22,0,3,4,4,1,13,36,399,3,0,0.00%,11,20.00%,0,0,4,2,2,39,0,35,14,4,0,17,4,0,11,0,0,1.00,1,0.80,4.00,4,1,10,4,5,4,0,129.41%,0,133,1
ch.unisg.tapas.auctionhouse.domain.Bid.BidderAuctionHouseUri,0,6,0,0.00%,0,1,1,18,19,0,0,0,0,1,6,37,0,0,0,0.00%,0,0.00%,0,0,1,1,1,4,0,4,4,1,0,4,1,0,8,3,0,0,0,0.40,0,0,0,6,4,5,0,0,0.00%,0,8,0
ch.unisg.tapas.auctionhouse.domain.Bid.BidderName,0,7,0,0.00%,0,1,1,18,19,0,0,0,0,1,7,37,0,0,0,0.00%,0,0.00%,0,0,1,1,1,4,0,4,4,1,0,4,1,0,8,3,0,0,0,0.40,0,0,0,7,4,5,0,0,0.00%,0,8,0
ch.unisg.tapas.auctionhouse.domain.Bid.BidderTaskListUri,0,7,0,0.00%,0,1,1,18,19,0,0,0,0,1,7,37,0,0,0,0.00%,0,0.00%,0,0,1,1,1,4,0,4,4,1,0,4,1,0,8,3,0,0,0,0.40,0,0,0,7,4,5,0,0,0.00%,0,8,0
ch.unisg.tapas.auctionhouse.domain.ExecutorRegistry,0,6,33,35.48%,0,1,4,19,23,0,47,2,2,1,4,7,38’679,1,0,0.00%,26,50.00%,0,0,1,2,2,93,3,130,74,4,0,60,5,0,11,0,0,1.83,2,0.67,5.00,4,1,2,5,41,30,0,57.63%,0,807,11
ch.unisg.tapas.auctionhouse.domain.ExecutorRegistry.ExecutorIdentifier,0,6,1,20.00%,0,1,1,18,19,0,0,0,0,1,6,19,0,0,0,0.00%,0,0.00%,0,0,1,1,1,5,0,3,3,1,0,4,1,0,8,3,0,0,0,0.40,0,0,0,4,4,5,0,0,25.00%,0,4,0
ch.unisg.tapas.common.ConfigProperties,0,10,42,61.76%,0,0,1,20,21,0,5,0,0,1,10,12,859,0,0,0.00%,42,100.00%,0,0,1,1,1,68,12,43,14,1,0,26,7,0,11,0,0,1.00,1,0.14,1.00,1,0,5,7,9,7,0,161.54%,0,163,7
ch.unisg.tapas.common.SelfValidating,0,8,4,23.53%,1,1,1,15,16,0,11,0,0,1,8,42,953,0,0,0.00%,4,50.00%,0,0,1,1,1,17,4,20,17,1,0,13,1,8,11,0,1,1.50,2,0.00,2.50,3,0,3,0,7,5,8,30.77%,0,81,3
ch.unisg.tapasexecutorcalculator.TapasExecutorCalculatorApplication,0,0,0,0.00%,1,0,0,14,14,0,2,0,0,1,0,0,75,0,0,100.00%,0,0.00%,0,0,1,1,1,7,1,10,8,0,0,7,1,0,11,0,0,1.00,1,1.00,1.00,1,0,0,0,2,1,0,0.00%,0,30,1
ch.unisg.tapasexecutorcalculator.TapasExecutorPrinterApplicationTests,0,0,0,0.00%,1,0,0,14,14,0,0,0,0,1,0,0,0,0,0,100.00%,0,0.00%,0,0,1,1,1,6,0,2,2,0,0,6,1,0,11,0,0,1.00,1,0.00,0.00,0,0,0,0,1,0,0,0.00%,0,2,1
ch.unisg.tapasexecutorcalculator.executorcalculator.adapter.in.formats.AssignedTaskToExecutorJsonRepresentation,0,4,0,0.00%,0,1,7,21,28,0,6,1,6,1,3,3,690,0,0,0.00%,0,0.00%,0,0,7,3,3,21,2,29,14,7,0,21,7,0,11,0,0,1.00,1,0.88,3.00,3,1,2,7,11,3,0,0.00%,0,110,1
ch.unisg.tapasexecutorcalculator.executorcalculator.adapter.in.messaging.http.ReceiveAssignedTaskToExecutorHttpAdapter,0,9,0,0.00%,0,1,1,15,16,0,9,8,9,1,1,1,1’933,0,0,0.00%,0,0.00%,0,0,1,4,4,32,7,41,28,1,0,32,1,0,11,0,0,1.00,1,1.00,11.00,11,3,1,1,16,11,0,0.00%,0,197,1
ch.unisg.tapasexecutorcalculator.executorcalculator.adapter.in.messaging.http.ReceiveAssignedTaskToExecutorWebControllerTest,0,9,5,13.51%,1,0,2,14,16,0,13,9,10,1,0,0,4’507,0,0,0.00%,0,0.00%,0,0,1,5,5,37,20,63,40,2,0,32,1,0,11,0,0,1.00,1,0.00,9.00,9,4,0,0,23,9,0,15.62%,0,335,1
ch.unisg.tapasexecutorcalculator.executorcalculator.adapter.in.web.RetrieveQueueOfTasksWebController,0,4,1,5.00%,0,1,0,15,15,0,6,4,9,1,0,0,799,0,0,100.00%,0,0.00%,0,0,1,5,5,20,5,27,23,0,0,19,1,0,11,0,0,1.00,1,0.00,7.00,7,2,0,1,10,7,0,5.26%,0,122,1
ch.unisg.tapasexecutorcalculator.executorcalculator.adapter.out.formats.TaskEventJsonRepresentation,0,1,0,0.00%,0,1,4,17,21,0,2,0,0,1,1,1,77,0,0,0.00%,0,0.00%,0,0,3,1,1,10,0,12,6,4,0,10,3,0,11,0,0,0,0,0.75,0,0,0,1,3,4,0,0,0.00%,0,31,0
ch.unisg.tapasexecutorcalculator.executorcalculator.adapter.out.web.PublishTaskUpdatedEventWebAdapter,0,3,0,0.00%,1,0,1,15,16,0,16,3,3,1,0,0,5’022,0,1,0.00%,0,0.00%,0,0,1,3,3,36,14,58,38,1,0,36,1,0,11,0,0,1.00,1,1.00,15.00,15,2,0,0,16,15,0,0.00%,0,304,1
ch.unisg.tapasexecutorcalculator.executorcalculator.application.port.in.AssignedTaskToExecutorCommand,0,9,0,0.00%,0,1,5,19,24,0,0,5,5,1,4,4,0,0,0,0.00%,0,0.00%,0,0,5,2,2,13,0,12,4,5,0,13,5,0,11,0,0,0,0,0.83,0,0,1,3,5,6,0,0,0.00%,0,24,0
ch.unisg.tapasexecutorcalculator.executorcalculator.application.port.in.AssignedTaskToExecutorUseCase,0,0,0,0,0,0,0,0,0,0,0,0,0,0,0,0,0,0,0,0,0,0,0,0,0,0,0,0,0,0,0,0,0,0,0,0,0,0,0,0,0,0,0,0,0,0,0,1,0,0,0,0,0,0
ch.unisg.tapasexecutorcalculator.executorcalculator.application.port.out.TaskUpdatedEvent,0,3,0,0.00%,0,0,4,13,17,0,0,0,0,1,3,3,0,0,0,0.00%,0,100.00%,0,0,0,1,1,6,0,6,2,4,0,6,0,0,11,0,0,0,0,0.00,0,0,0,3,0,0,0,0,0.00%,0,6,0
ch.unisg.tapasexecutorcalculator.executorcalculator.application.port.out.TaskUpdatedEventPort,0,0,0,0,0,0,0,0,0,0,0,0,0,0,0,0,0,0,0,0,0,0,0,0,0,0,0,0,0,0,0,0,0,0,0,0,0,0,0,0,0,0,0,0,0,0,0,1,0,0,0,0,0,0
ch.unisg.tapasexecutorcalculator.executorcalculator.application.service.AssignedTaskToExecutorService,0,10,0,0.00%,1,0,1,15,16,0,33,10,12,1,0,0,12’807,0,1,0.00%,0,0.00%,0,0,1,5,5,33,25,73,37,1,0,33,1,0,11,0,0,1.00,1,1.00,17.00,17,3,0,0,19,17,0,0.00%,0,380,1
ch.unisg.tapasexecutorcalculator.executorcalculator.domain.Executor,0,7,1,3.03%,1,1,3,18,21,0,20,5,7,1,2,2,8’699,1,0,0.00%,0,0.00%,0,0,2,4,4,33,0,76,45,3,0,32,4,0,11,0,0,1.25,2,0.40,3.75,11,1,2,3,22,15,0,3.12%,0,417,5
ch.unisg.tapasexecutorcalculator.executorcalculator.domain.Executor.QueueOfTasks,0,4,0,0.00%,0,1,1,18,19,0,0,1,6,1,3,3,0,0,0,0.00%,0,0.00%,0,0,1,3,3,4,0,3,3,1,0,4,1,0,8,3,0,0,0,0.40,0,0,1,3,4,5,0,0,0.00%,0,4,0
ch.unisg.tapasexecutorcalculator.executorcalculator.domain.Task,0,10,0,0.00%,1,1,5,21,26,0,6,5,5,1,5,7,1’326,6,0,0.00%,0,0.00%,0,0,6,2,2,32,0,53,18,5,0,32,7,0,11,0,0,1.00,1,1.38,3.00,1,1,4,6,8,6,0,0.00%,0,221,2
ch.unisg.tapasexecutorcalculator.executorcalculator.domain.Task.AssignmentId,0,5,0,0.00%,0,1,1,18,19,0,0,0,0,1,5,10,0,0,0,0.00%,0,0.00%,0,0,1,1,1,4,0,3,3,1,0,4,1,0,8,3,0,0,0,0.40,0,0,0,4,4,5,0,0,0.00%,0,4,0
ch.unisg.tapasexecutorcalculator.executorcalculator.domain.Task.InputData,0,5,0,0.00%,0,1,1,18,19,0,0,0,0,1,5,10,0,0,0,0.00%,0,0.00%,0,0,1,1,1,4,0,3,3,1,0,4,1,0,8,3,0,0,0,0.40,0,0,0,3,4,5,0,0,0.00%,0,4,0
ch.unisg.tapasexecutorcalculator.executorcalculator.domain.Task.OutputData,0,6,0,0.00%,0,1,1,18,19,0,0,0,0,1,6,10,0,0,0,0.00%,0,0.00%,0,0,1,1,1,4,0,3,3,1,0,4,1,0,8,3,0,0,0,0.40,0,0,0,4,4,5,0,0,0.00%,0,4,0
ch.unisg.tapasexecutorcalculator.executorcalculator.domain.Task.TaskId,0,6,0,0.00%,0,1,1,18,19,0,0,0,0,1,6,10,0,0,0,0.00%,0,0.00%,0,0,1,1,1,4,0,3,3,1,0,4,1,0,8,3,0,0,0,0.40,0,0,0,4,4,5,0,0,0.00%,0,4,0
ch.unisg.tapasexecutorcalculator.executorcalculator.domain.Task.TaskName,0,0,0,0.00%,0,1,1,18,19,0,0,0,0,1,0,0,0,0,0,0.00%,0,0.00%,0,0,1,1,1,4,0,3,3,1,0,4,1,0,8,3,0,0,0,0.40,0,0,0,0,4,5,0,0,0.00%,0,4,0
ch.unisg.tapasexecutorcalculator.executorcalculator.domain.Task.TaskType,0,4,0,0.00%,0,1,1,18,19,0,0,0,0,1,4,10,0,0,0,0.00%,0,0.00%,0,0,1,1,1,4,0,3,3,1,0,4,1,0,8,3,0,0,0,0.40,0,0,0,3,4,5,0,0,0.00%,0,4,0
ch.unisg.tapasexecutormirocard.TapasExecutorMirocardApplication,0,0,0,0.00%,1,0,0,14,14,0,2,0,0,1,0,0,75,0,0,100.00%,0,0.00%,0,0,1,1,1,7,1,10,8,0,0,7,1,0,11,0,0,1.00,1,1.00,1.00,1,0,0,0,2,1,0,0.00%,0,30,1
ch.unisg.tapasexecutormirocard.TapasExecutorMirocardApplicationTests,0,0,0,0.00%,1,0,0,14,14,0,0,0,0,1,0,0,0,0,0,100.00%,0,0.00%,0,0,1,1,1,6,0,2,2,0,0,6,1,0,11,0,0,1.00,1,0.00,0.00,0,0,0,0,1,0,0,0.00%,0,2,1
ch.unisg.tapasexecutormirocard.executormirocard.adapter.in.formats.AssignedTaskToExecutorJsonRepresentation,0,3,0,0.00%,0,1,7,21,28,0,6,1,6,1,2,2,690,0,0,0.00%,0,0.00%,0,0,7,3,3,21,2,29,14,7,0,21,7,0,11,0,0,1.00,1,0.88,3.00,3,1,2,7,11,3,0,0.00%,0,110,1
ch.unisg.tapasexecutormirocard.executormirocard.adapter.in.messaging.http.ReceiveAssignedTaskToExecutorHttpAdapter,0,8,0,0.00%,0,1,1,15,16,0,9,8,9,1,0,0,1’933,0,0,0.00%,0,0.00%,0,0,1,4,4,32,7,41,28,1,0,32,1,0,11,0,0,1.00,1,1.00,11.00,11,3,0,1,16,11,0,0.00%,0,197,1
ch.unisg.tapasexecutormirocard.executormirocard.adapter.in.web.RetrieveQueueOfTasksWebController,0,4,1,5.00%,0,1,0,15,15,0,6,4,10,1,0,0,799,0,0,100.00%,0,0.00%,0,0,1,5,5,20,5,27,23,0,0,19,1,0,11,0,0,1.00,1,0.00,7.00,7,2,0,1,10,7,0,5.26%,0,122,1
ch.unisg.tapasexecutormirocard.executormirocard.adapter.out.formats.TaskEventJsonRepresentation,0,1,0,0.00%,0,1,4,17,21,0,2,0,0,1,1,1,77,0,0,0.00%,0,0.00%,0,0,3,1,1,10,0,12,6,4,0,10,3,0,11,0,0,0,0,0.75,0,0,0,1,3,4,0,0,0.00%,0,31,0
ch.unisg.tapasexecutormirocard.executormirocard.adapter.out.web.PublishTaskUpdatedEventWebAdapter,0,3,0,0.00%,1,0,1,15,16,0,16,3,3,1,0,0,5’022,0,1,0.00%,0,0.00%,0,0,1,3,3,36,14,58,38,1,0,36,1,0,11,0,0,1.00,1,1.00,15.00,15,2,0,0,16,15,0,0.00%,0,304,1
ch.unisg.tapasexecutormirocard.executormirocard.application.port.in.AssignedTaskToExecutorCommand,0,8,0,0.00%,0,1,5,19,24,0,0,5,5,1,3,3,0,0,0,0.00%,0,0.00%,0,0,5,2,2,13,0,12,4,5,0,13,5,0,11,0,0,0,0,0.83,0,0,1,3,5,6,0,0,0.00%,0,24,0
ch.unisg.tapasexecutormirocard.executormirocard.application.port.in.AssignedTaskToExecutorUseCase,0,0,0,0,0,0,0,0,0,0,0,0,0,0,0,0,0,0,0,0,0,0,0,0,0,0,0,0,0,0,0,0,0,0,0,0,0,0,0,0,0,0,0,0,0,0,0,1,0,0,0,0,0,0
ch.unisg.tapasexecutormirocard.executormirocard.application.port.out.TaskUpdatedEvent,0,3,0,0.00%,0,0,4,13,17,0,0,0,0,1,3,3,0,0,0,0.00%,0,100.00%,0,0,0,1,1,6,0,6,2,4,0,6,0,0,11,0,0,0,0,0.00,0,0,0,3,0,0,0,0,0.00%,0,6,0
ch.unisg.tapasexecutormirocard.executormirocard.application.port.out.TaskUpdatedEventPort,0,0,0,0,0,0,0,0,0,0,0,0,0,0,0,0,0,0,0,0,0,0,0,0,0,0,0,0,0,0,0,0,0,0,0,0,0,0,0,0,0,0,0,0,0,0,0,1,0,0,0,0,0,0
ch.unisg.tapasexecutormirocard.executormirocard.application.service.AssignedTaskToExecutorService,0,9,0,0.00%,1,0,1,15,16,0,32,9,13,1,0,0,11’991,0,1,0.00%,0,0.00%,0,0,1,5,5,33,24,72,36,1,0,33,1,0,11,0,0,1.00,1,1.00,17.00,17,3,0,0,18,17,0,0.00%,0,372,1
ch.unisg.tapasexecutormirocard.executormirocard.domain.Executor,0,7,7,5.65%,1,1,3,18,21,0,53,5,8,1,2,2,86’732,1,0,0.00%,0,0.00%,0,0,2,4,4,124,0,238,114,3,0,117,4,0,11,0,0,1.75,4,0.40,7.88,17,1,2,3,56,63,0,5.98%,0,1’626,14
ch.unisg.tapasexecutormirocard.executormirocard.domain.Executor.QueueOfTasks,0,4,0,0.00%,0,1,1,18,19,0,0,1,6,1,3,3,0,0,0,0.00%,0,0.00%,0,0,1,3,3,4,0,3,3,1,0,4,1,0,8,3,0,0,0,0.40,0,0,1,3,4,5,0,0,0.00%,0,4,0
ch.unisg.tapasexecutormirocard.executormirocard.domain.SensorData,0,1,0,0.00%,0,2,2,18,20,0,2,0,0,1,1,3,187,0,0,0.00%,0,0.00%,0,0,2,1,1,17,0,19,13,2,0,17,2,0,10,1,0,1.00,1,0.40,1.50,2,0,1,3,5,3,0,0.00%,0,70,2
ch.unisg.tapasexecutormirocard.executormirocard.domain.Task,0,10,0,0.00%,1,1,5,21,26,0,6,5,5,1,5,6,1’326,6,0,0.00%,0,0.00%,0,0,6,2,2,32,0,53,18,5,0,32,7,0,11,0,0,1.00,1,1.38,3.00,1,1,4,6,8,6,0,0.00%,0,221,2
ch.unisg.tapasexecutormirocard.executormirocard.domain.Task.AssignmentId,0,4,0,0.00%,0,1,1,18,19,0,0,0,0,1,4,9,0,0,0,0.00%,0,0.00%,0,0,1,1,1,4,0,3,3,1,0,4,1,0,8,3,0,0,0,0.40,0,0,0,4,4,5,0,0,0.00%,0,4,0
ch.unisg.tapasexecutormirocard.executormirocard.domain.Task.InputData,0,3,0,0.00%,0,1,1,18,19,0,0,0,0,1,3,9,0,0,0,0.00%,0,0.00%,0,0,1,1,1,4,0,3,3,1,0,4,1,0,8,3,0,0,0,0.40,0,0,0,3,4,5,0,0,0.00%,0,4,0
ch.unisg.tapasexecutormirocard.executormirocard.domain.Task.OutputData,0,4,0,0.00%,0,1,1,18,19,0,0,0,0,1,4,9,0,0,0,0.00%,0,0.00%,0,0,1,1,1,4,0,3,3,1,0,4,1,0,8,3,0,0,0,0.40,0,0,0,3,4,5,0,0,0.00%,0,4,0
ch.unisg.tapasexecutormirocard.executormirocard.domain.Task.TaskId,0,5,0,0.00%,0,1,1,18,19,0,0,0,0,1,5,9,0,0,0,0.00%,0,0.00%,0,0,1,1,1,4,0,3,3,1,0,4,1,0,8,3,0,0,0,0.40,0,0,0,4,4,5,0,0,0.00%,0,4,0
ch.unisg.tapasexecutormirocard.executormirocard.domain.Task.TaskName,0,0,0,0.00%,0,1,1,18,19,0,0,0,0,1,0,0,0,0,0,0.00%,0,0.00%,0,0,1,1,1,4,0,3,3,1,0,4,1,0,8,3,0,0,0,0.40,0,0,0,0,4,5,0,0,0.00%,0,4,0
ch.unisg.tapasexecutormirocard.executormirocard.domain.Task.TaskType,0,3,0,0.00%,0,1,1,18,19,0,0,0,0,1,3,9,0,0,0,0.00%,0,0.00%,0,0,1,1,1,4,0,3,3,1,0,4,1,0,8,3,0,0,0,0.40,0,0,0,3,4,5,0,0,0.00%,0,4,0
ch.unisg.tapasexecutorpool.TapasExecutorPoolApplication,0,0,0,0.00%,1,0,0,14,14,0,3,0,0,1,0,0,119,0,0,100.00%,0,0.00%,0,0,1,1,1,8,1,12,10,0,0,8,1,0,11,0,0,1.00,1,1.00,2.00,2,0,0,0,3,2,0,0.00%,0,39,1
ch.unisg.tapasexecutorpool.TapasExecutorPoolApplicationTests,0,0,0,0.00%,1,0,0,14,14,0,0,0,0,1,0,0,0,0,0,100.00%,0,0.00%,0,0,1,1,1,6,0,2,2,0,0,6,1,0,11,0,0,1.00,1,0.00,0.00,0,0,0,0,1,0,0,0.00%,0,2,1
ch.unisg.tapasexecutorpool.executorpool.AddNewExecutorToExecutorPoolSystemTest,0,6,1,2.56%,1,0,3,15,18,0,21,6,11,1,0,0,9’227,0,0,0.00%,0,0.00%,0,0,1,5,5,39,31,76,55,3,0,38,2,0,11,0,0,1.00,1,1.00,7.50,9,3,0,1,31,15,0,2.63%,0,439,2
ch.unisg.tapasexecutorpool.executorpool.DependencyRuleTest,0,0,0,0.00%,2,0,0,15,15,0,9,0,0,1,0,0,1’222,0,0,100.00%,0,0.00%,0,0,2,1,1,24,17,29,21,0,0,24,2,0,11,0,0,1.00,1,0.00,1.00,1,0,0,0,15,2,0,0.00%,0,127,2
ch.unisg.tapasexecutorpool.executorpool.adapter.in.formats.ExecutorJsonRepresentation,0,11,1,1.67%,1,2,5,22,27,0,15,5,5,1,6,6,7’424,0,0,0.00%,0,0.00%,0,0,5,3,3,60,13,86,49,5,0,59,7,0,11,0,0,1.00,1,0.78,3.00,4,1,3,6,20,12,0,1.69%,0,482,4
ch.unisg.tapasexecutorpool.executorpool.adapter.in.formats.ExecutorTypeJsonRepresentation,0,0,1,11.11%,1,1,2,16,18,0,3,0,0,1,0,0,114,0,0,0.00%,0,0.00%,0,0,1,1,1,9,0,12,9,2,0,8,2,0,11,0,0,1.00,1,0.67,1.00,1,0,0,1,3,1,0,12.50%,0,38,1
ch.unisg.tapasexecutorpool.executorpool.adapter.in.formats.RetrieveExecutorByTypeJsonRepresentation,0,5,0,0.00%,0,1,4,18,22,0,10,4,5,1,1,1,2’236,0,0,0.00%,0,0.00%,0,0,4,3,3,26,8,43,28,4,0,26,4,0,11,0,0,1.00,1,0.80,3.50,4,1,1,4,14,7,0,0.00%,0,206,2
ch.unisg.tapasexecutorpool.executorpool.adapter.in.messaging.http.RetrieveAllExecutorTypesHttpAdapter,0,1,0,0.00%,0,1,1,15,16,0,7,1,1,1,0,0,869,0,0,0.00%,0,0.00%,0,0,1,2,2,18,5,27,22,1,0,18,1,0,11,0,0,1.00,1,0.50,7.00,7,1,0,1,10,7,0,0.00%,0,120,1
ch.unisg.tapasexecutorpool.executorpool.adapter.in.messaging.http.RetrieveExecutorByTypeHttpAdapter,0,6,0,0.00%,0,1,2,15,17,0,9,6,9,1,0,0,2’594,0,0,0.00%,0,0.00%,0,0,1,4,4,26,8,51,35,2,0,26,1,0,11,0,0,1.00,1,1.00,13.00,13,3,0,1,14,13,0,0.00%,0,261,1
ch.unisg.tapasexecutorpool.executorpool.adapter.in.web.AddNewExecutorToExecutorPoolWebController,0,7,1,2.86%,0,1,2,15,17,0,10,6,8,1,1,1,2’605,0,0,0.00%,0,0.00%,0,0,1,4,4,35,8,48,37,2,0,34,1,0,11,0,0,1.00,1,1.00,10.00,10,3,1,1,17,10,0,2.94%,0,250,1
ch.unisg.tapasexecutorpool.executorpool.adapter.in.web.AddNewExecutorToExecutorPoolWebControllerTest,0,10,4,11.11%,1,0,2,14,16,0,18,10,13,1,0,0,6’549,0,0,0.00%,0,0.00%,0,0,1,5,5,36,22,65,42,2,0,32,1,0,11,0,0,1.00,1,0.00,10.00,10,4,0,0,25,10,0,12.50%,0,350,1
ch.unisg.tapasexecutorpool.executorpool.adapter.in.web.DeleteExecutorFromExecutorPoolWebController,0,3,0,0.00%,0,1,1,15,16,0,5,3,3,1,0,0,808,0,0,0.00%,0,0.00%,0,0,1,4,4,21,1,30,23,1,0,21,1,0,11,0,0,1.50,2,1.00,3.00,5,2,0,1,6,6,0,0.00%,0,135,3
ch.unisg.tapasexecutorpool.executorpool.adapter.in.web.RetrieveAllExecutorsWebController,0,3,0,0.00%,0,1,1,15,16,0,6,3,7,1,0,0,834,0,0,0.00%,0,0.00%,0,0,1,4,4,20,3,28,24,1,0,20,1,0,11,0,0,1.00,1,0.50,7.00,7,3,0,1,8,7,0,0.00%,0,128,1
ch.unisg.tapasexecutorpool.executorpool.adapter.in.web.RetrieveExecutorByIdWebController,0,4,0,0.00%,0,1,1,15,16,0,7,4,8,1,0,0,1’165,0,0,0.00%,0,0.00%,0,0,1,4,4,22,4,33,27,1,0,22,1,0,11,0,0,1.00,1,1.00,9.00,9,3,0,1,10,9,0,0.00%,0,156,1
ch.unisg.tapasexecutorpool.executorpool.adapter.out.persistence.mongodb.ExecutorMapper,0,8,0,0.00%,0,0,0,15,15,0,68,6,6,1,2,2,8’506,0,0,100.00%,0,0.00%,0,0,2,3,3,18,13,30,18,0,0,18,2,0,11,0,0,1.00,1,1.00,1.00,1,2,1,2,20,2,0,0.00%,0,125,2
ch.unisg.tapasexecutorpool.executorpool.adapter.out.persistence.mongodb.ExecutorPersistenceAdapter,0,11,0,0.00%,1,1,2,24,26,0,39,10,12,1,1,1,17’066,0,3,0.00%,0,0.00%,0,0,1,4,4,55,15,84,37,2,0,55,5,0,11,0,0,1.80,2,1.00,4.60,6,3,1,4,17,23,0,0.00%,0,437,9
ch.unisg.tapasexecutorpool.executorpool.adapter.out.persistence.mongodb.ExecutorPersistenceAdapterTest,0,10,2,4.26%,2,0,2,15,17,0,15,10,13,1,0,0,5’982,0,0,0.00%,0,0.00%,0,0,1,5,5,47,20,71,40,2,0,45,2,0,11,0,0,1.00,1,0.00,10.00,10,2,0,0,19,20,0,4.44%,0,377,2
ch.unisg.tapasexecutorpool.executorpool.adapter.out.persistence.mongodb.ExecutorRepository,0,0,0,0,0,0,0,0,0,0,0,0,0,0,0,0,0,0,0,0,0,0,0,0,0,0,0,0,0,0,0,0,0,0,0,0,0,0,0,0,0,0,0,0,0,0,0,3,0,0,0,0,0,0
ch.unisg.tapasexecutorpool.executorpool.adapter.out.persistence.mongodb.MongoExecutorDocument,0,4,0,0.00%,4,1,4,26,30,0,1,0,0,1,4,4,107,0,0,0.00%,0,0.00%,0,0,5,1,1,19,0,20,12,4,0,19,9,0,8,3,0,1.00,1,0.77,4.00,4,0,1,8,13,4,0,0.00%,0,71,1
ch.unisg.tapasexecutorpool.executorpool.adapter.out.web.PublishExecutorAddedWebAdapter,0,4,0,0.00%,1,0,1,15,16,0,11,4,6,1,0,0,1’622,0,1,0.00%,0,0.00%,0,0,1,4,4,17,12,30,28,1,0,17,1,0,11,0,0,1.00,1,1.00,5.00,5,2,0,0,14,5,0,0.00%,0,144,1
ch.unisg.tapasexecutorpool.executorpool.adapter.out.web.PublishExecutorDeletedWebAdapter,0,3,0,0.00%,1,0,1,15,16,0,8,3,7,1,0,0,1’078,0,1,0.00%,0,0.00%,0,0,1,4,4,19,11,27,26,1,0,19,1,0,11,0,0,1.00,1,1.00,5.00,5,3,0,0,12,5,0,0.00%,0,126,1
ch.unisg.tapasexecutorpool.executorpool.application.port.in.AddNewExecutorToExecutorPoolCommand,0,8,0,0.00%,0,1,3,20,23,0,2,3,3,1,5,5,155,0,0,0.00%,0,0.00%,0,0,3,2,2,17,0,18,11,3,0,17,3,0,8,3,0,1.00,1,0.57,3.00,3,1,3,6,7,3,0,0.00%,0,62,1
ch.unisg.tapasexecutorpool.executorpool.application.port.in.AddNewExecutorToExecutorPoolUseCase,0,0,0,0,0,0,0,0,0,0,0,0,0,0,0,0,0,0,0,0,0,0,0,0,0,0,0,0,0,0,0,0,0,0,0,0,0,0,0,0,0,0,0,0,0,0,0,1,0,0,0,0,0,0
ch.unisg.tapasexecutorpool.executorpool.application.port.in.DeleteExecutorFromExecutorPoolQuery,0,4,0,0.00%,0,1,1,18,19,0,2,1,1,1,3,3,56,0,0,0.00%,0,0.00%,0,0,1,2,2,8,0,8,7,1,0,8,1,0,8,3,0,1.00,1,0.40,1.00,1,1,3,4,5,1,0,0.00%,0,22,1
ch.unisg.tapasexecutorpool.executorpool.application.port.in.DeleteExecutorFromExecutorPoolUseCase,0,0,0,0,0,0,0,0,0,0,0,0,0,0,0,0,0,0,0,0,0,0,0,0,0,0,0,0,0,0,0,0,0,0,0,0,0,0,0,0,0,0,0,0,0,0,0,1,0,0,0,0,0,0
ch.unisg.tapasexecutorpool.executorpool.application.port.in.RetrieveAllExecutorTypesUseCase,0,0,0,0,0,0,0,0,0,0,0,0,0,0,0,0,0,0,0,0,0,0,0,0,0,0,0,0,0,0,0,0,0,0,0,0,0,0,0,0,0,0,0,0,0,0,0,1,0,0,0,0,0,0
ch.unisg.tapasexecutorpool.executorpool.application.port.in.RetrieveAllExecutorsUseCase,0,0,0,0,0,0,0,0,0,0,0,0,0,0,0,0,0,0,0,0,0,0,0,0,0,0,0,0,0,0,0,0,0,0,0,0,0,0,0,0,0,0,0,0,0,0,0,1,0,0,0,0,0,0
ch.unisg.tapasexecutorpool.executorpool.application.port.in.RetrieveExecutorByIdQuery,0,3,0,0.00%,0,1,1,18,19,0,0,0,0,1,3,3,0,0,0,0.00%,0,0.00%,0,0,1,1,1,7,0,4,4,1,0,7,1,0,8,3,0,0,0,0.40,0,0,0,3,4,5,0,0,0.00%,0,8,0
ch.unisg.tapasexecutorpool.executorpool.application.port.in.RetrieveExecutorByIdUseCase,0,0,0,0,0,0,0,0,0,0,0,0,0,0,0,0,0,0,0,0,0,0,0,0,0,0,0,0,0,0,0,0,0,0,0,0,0,0,0,0,0,0,0,0,0,0,0,1,0,0,0,0,0,0
ch.unisg.tapasexecutorpool.executorpool.application.port.in.RetrieveExecutorByTypeQuery,0,5,0,0.00%,0,1,1,18,19,0,2,1,1,1,4,4,56,0,0,0.00%,0,0.00%,0,0,1,2,2,8,0,8,7,1,0,8,1,0,8,3,0,1.00,1,0.40,1.00,1,1,3,4,5,1,0,0.00%,0,22,1
ch.unisg.tapasexecutorpool.executorpool.application.port.in.RetrieveExecutorByTypeUseCase,0,0,0,0,0,0,0,0,0,0,0,0,0,0,0,0,0,0,0,0,0,0,0,0,0,0,0,0,0,0,0,0,0,0,0,0,0,0,0,0,0,0,0,0,0,0,0,1,0,0,0,0,0,0
ch.unisg.tapasexecutorpool.executorpool.application.port.out.AddExecutorPort,0,0,0,0,0,0,0,0,0,0,0,0,0,0,0,0,0,0,0,0,0,0,0,0,0,0,0,0,0,0,0,0,0,0,0,0,0,0,0,0,0,0,0,0,0,0,0,1,0,0,0,0,0,0
ch.unisg.tapasexecutorpool.executorpool.application.port.out.DeleteExecutorPort,0,0,0,0,0,0,0,0,0,0,0,0,0,0,0,0,0,0,0,0,0,0,0,0,0,0,0,0,0,0,0,0,0,0,0,0,0,0,0,0,0,0,0,0,0,0,0,1,0,0,0,0,0,0
ch.unisg.tapasexecutorpool.executorpool.application.port.out.LoadExecutorPort,0,0,0,0,0,0,0,0,0,0,0,0,0,0,0,0,0,0,0,0,0,0,0,0,0,0,0,0,0,0,0,0,0,0,0,0,0,0,0,0,0,0,0,0,0,0,0,3,0,0,0,0,0,0
ch.unisg.tapasexecutorpool.executorpool.application.port.out.PublishExecutorAddedPort,0,0,0,0,0,0,0,0,0,0,0,0,0,0,0,0,0,0,0,0,0,0,0,0,0,0,0,0,0,0,0,0,0,0,0,0,0,0,0,0,0,0,0,0,0,0,0,1,0,0,0,0,0,0
ch.unisg.tapasexecutorpool.executorpool.application.port.out.PublishExecutorDeletedPort,0,0,0,0,0,0,0,0,0,0,0,0,0,0,0,0,0,0,0,0,0,0,0,0,0,0,0,0,0,0,0,0,0,0,0,0,0,0,0,0,0,0,0,0,0,0,0,1,0,0,0,0,0,0
ch.unisg.tapasexecutorpool.executorpool.application.service.AddNewExecutorToExecutorPoolService,0,8,0,0.00%,0,1,2,16,18,0,15,7,13,1,1,1,2’388,0,1,0.00%,0,0.00%,0,0,1,5,5,21,9,33,24,2,0,21,1,0,11,0,0,2.00,2,1.50,7.00,7,3,1,1,11,7,0,0.00%,0,151,2
ch.unisg.tapasexecutorpool.executorpool.application.service.AddNewExecutorToExecutorPoolServiceTest,0,10,2,5.13%,1,0,3,16,19,0,26,10,14,1,0,0,12’111,0,0,0.00%,0,0.00%,0,0,1,6,6,39,34,83,45,3,0,37,3,0,11,0,0,1.00,1,1.33,4.67,7,4,0,2,29,14,0,5.41%,0,455,3
ch.unisg.tapasexecutorpool.executorpool.application.service.DeleteExecutorFromExecutorPoolService,0,6,0,0.00%,0,1,2,16,18,0,10,6,13,1,0,0,1’528,0,1,0.00%,0,0.00%,0,0,1,5,5,23,7,32,22,2,0,23,1,0,11,0,0,1.00,1,1.50,8.00,8,3,0,1,8,8,0,0.00%,0,142,1
ch.unisg.tapasexecutorpool.executorpool.application.service.RetrieveAllExecutorTypesService,0,4,0,0.00%,0,1,1,16,17,0,8,4,8,1,0,0,955,0,1,0.00%,0,0.00%,0,0,1,4,4,19,5,25,22,1,0,19,1,0,11,0,0,2.00,2,0.50,8.00,8,3,0,1,8,8,0,0.00%,0,111,2
ch.unisg.tapasexecutorpool.executorpool.application.service.RetrieveAllExecutorsService,0,4,0,0.00%,0,1,1,16,17,0,5,4,8,1,0,0,304,0,1,0.00%,0,0.00%,0,0,1,4,4,14,2,16,14,1,0,14,1,0,11,0,0,1.00,1,0.50,4.00,4,3,0,1,4,4,0,0.00%,0,60,1
ch.unisg.tapasexecutorpool.executorpool.application.service.RetrieveExecutorByIdService,0,7,0,0.00%,0,1,1,16,17,0,10,7,12,1,0,0,1’433,0,1,0.00%,0,0.00%,0,0,1,5,5,22,5,30,22,1,0,22,1,0,11,0,0,1.00,1,1.00,9.00,9,3,0,1,9,9,0,0.00%,0,133,1
ch.unisg.tapasexecutorpool.executorpool.application.service.RetrieveExecutorByTypeService,0,6,0,0.00%,0,1,1,16,17,0,6,5,9,1,1,1,441,0,1,0.00%,0,0.00%,0,0,1,4,4,15,2,18,17,1,0,15,1,0,11,0,0,1.00,1,1.00,4.00,4,3,1,1,4,4,0,0.00%,0,73,1
ch.unisg.tapasexecutorpool.executorpool.application.service.RetrieveExecutorByTypeServiceTest,0,7,4,9.76%,1,0,0,16,16,0,23,7,10,1,0,0,8’874,0,0,100.00%,0,0.00%,0,0,1,5,5,41,25,73,39,0,0,37,3,0,11,0,0,1.00,1,1.00,7.00,12,4,0,2,22,21,0,10.81%,0,385,3
ch.unisg.tapasexecutorpool.executorpool.domain.Executor,0,34,0,0.00%,0,2,5,23,28,0,20,4,4,1,30,32,9’558,4,0,0.00%,0,0.00%,0,0,7,2,2,58,0,100,25,5,0,58,8,0,11,0,0,1.00,1,1.90,2.67,3,1,9,8,16,16,0,0.00%,0,464,6
ch.unisg.tapasexecutorpool.executorpool.domain.Executor.ExecutorId,0,16,0,0.00%,0,1,1,18,19,0,0,0,0,1,16,37,0,0,0,0.00%,0,0.00%,0,0,1,1,1,4,0,3,3,1,0,4,1,0,8,3,0,0,0,0.40,0,0,0,8,4,5,0,0,0.00%,0,4,0
ch.unisg.tapasexecutorpool.executorpool.domain.Executor.ExecutorLocation,0,10,0,0.00%,0,1,1,18,19,0,0,0,0,1,10,35,0,0,0,0.00%,0,0.00%,0,0,1,1,1,4,0,3,3,1,0,4,1,0,8,3,0,0,0,0.40,0,0,0,6,4,5,0,0,0.00%,0,4,0
ch.unisg.tapasexecutorpool.executorpool.domain.Executor.ExecutorName,0,13,0,0.00%,0,1,1,18,19,0,0,0,0,1,13,35,0,0,0,0.00%,0,0.00%,0,0,1,1,1,4,0,3,3,1,0,4,1,0,8,3,0,0,0,0.40,0,0,0,7,4,5,0,0,0.00%,0,4,0
ch.unisg.tapasexecutorpool.executorpool.domain.Executor.ExecutorType,0,20,0,0.00%,0,1,1,18,19,0,0,0,0,1,20,36,0,0,0,0.00%,0,0.00%,0,0,1,1,1,4,0,3,3,1,0,4,1,0,8,3,0,0,0,0.40,0,0,0,10,4,5,0,0,0.00%,0,4,0
ch.unisg.tapasexecutorpool.executorpool.domain.ExecutorNotFoundError,0,10,0,0.00%,0,0,6,45,51,0,0,0,0,3,10,17,0,0,1,100.00%,0,100.00%,0,0,0,1,1,1,0,3,3,0,6,1,0,0,25,0,0,0,0,0.00,0,0,0,6,0,0,0,0,0.00%,0,4,0
ch.unisg.tapasexecutorpool.executorpool.domain.ExecutorPool,0,15,0,0.00%,4,1,4,25,29,0,26,8,8,1,7,7,16’067,2,0,0.00%,0,0.00%,0,0,2,4,4,54,0,110,46,4,0,54,11,0,11,0,0,1.22,1,0.92,2.11,1,1,4,7,25,19,0,0.00%,0,607,11
ch.unisg.tapasexecutorpool.executorpool.domain.ExecutorPool.ExecutorPoolName,0,2,0,0.00%,0,1,1,18,19,0,0,0,0,1,2,8,0,0,0,0.00%,0,0.00%,0,0,1,1,1,4,0,4,4,1,0,4,1,0,8,3,0,0,0,0.40,0,0,0,1,4,5,0,0,0.00%,0,8,0
ch.unisg.tapasexecutorpool.executorpool.domain.ExecutorPool.ListOfExecutors,0,5,0,0.00%,0,1,1,18,19,0,0,1,5,1,4,8,0,0,0,0.00%,0,0.00%,0,0,1,3,3,4,0,4,4,1,0,4,1,0,8,3,0,0,0,0.40,0,0,1,3,4,5,0,0,0.00%,0,8,0
ch.unisg.tapasexecutorpool.executorpool.domain.ExecutorPoolTest,0,6,26,35.62%,6,0,0,19,19,0,42,6,9,1,0,0,24’358,0,0,100.00%,0,0.00%,0,0,6,5,5,73,54,114,34,0,0,47,6,0,11,0,0,1.00,1,0.00,4.67,6,1,0,0,27,28,0,55.32%,1,579,6
ch.unisg.tapasexecutorpool.executorpool.domain.ExecutorTest,0,4,9,31.03%,3,0,0,16,16,0,26,4,5,1,0,0,4’794,0,0,100.00%,0,0.00%,0,0,3,3,3,29,15,43,19,0,0,20,3,0,11,0,0,1.00,1,0.00,3.00,3,1,0,0,15,9,0,45.00%,0,182,3
ch.unisg.tapasexecutorprinter.TapasExecutorPrinterApplication,0,0,0,0.00%,1,0,0,14,14,0,2,0,0,1,0,0,75,0,0,100.00%,0,0.00%,0,0,1,1,1,7,1,10,8,0,0,7,1,0,11,0,0,1.00,1,1.00,1.00,1,0,0,0,2,1,0,0.00%,0,30,1
ch.unisg.tapasexecutorprinter.TapasExecutorPrinterApplicationTests,0,0,0,0.00%,1,0,0,14,14,0,0,0,0,1,0,0,0,0,0,100.00%,0,0.00%,0,0,1,1,1,6,0,2,2,0,0,6,1,0,11,0,0,1.00,1,0.00,0.00,0,0,0,0,1,0,0,0.00%,0,2,1
ch.unisg.tapasexecutorprinter.executorcalculator.adapter.in.web.ReceiveAssignedTaskToExecutorWebControllerTest,0,9,5,13.51%,1,0,2,14,16,0,13,9,10,1,0,0,4’507,0,0,0.00%,0,0.00%,0,0,1,5,5,37,20,63,40,2,0,32,1,0,11,0,0,1.00,1,0.00,9.00,9,4,0,0,23,9,0,15.62%,0,335,1
ch.unisg.tapasexecutorprinter.executorprinter.adapter.in.formats.AssignedTaskToExecutorJsonRepresentation,0,4,0,0.00%,0,1,7,21,28,0,6,1,6,1,3,3,690,0,0,0.00%,0,0.00%,0,0,7,3,3,21,2,29,14,7,0,21,7,0,11,0,0,1.00,1,0.88,3.00,3,1,3,7,11,3,0,0.00%,0,110,1
ch.unisg.tapasexecutorprinter.executorprinter.adapter.in.messaging.http.ReceiveAssignedTaskToExecutorHttpAdapter,0,9,0,0.00%,0,1,1,15,16,0,9,8,9,1,1,1,1’933,0,0,0.00%,0,0.00%,0,0,1,4,4,33,7,41,28,1,0,33,1,0,11,0,0,1.00,1,1.00,11.00,11,3,1,1,16,11,0,0.00%,0,197,1
ch.unisg.tapasexecutorprinter.executorprinter.adapter.in.web.RetrieveQueueOfTasksWebController,0,4,1,5.00%,0,1,0,15,15,0,6,4,9,1,0,0,799,0,0,100.00%,0,0.00%,0,0,1,5,5,20,5,27,23,0,0,19,1,0,11,0,0,1.00,1,0.00,7.00,7,2,0,1,10,7,0,5.26%,0,122,1
ch.unisg.tapasexecutorprinter.executorprinter.adapter.out.formats.TaskEventJsonRepresentation,0,1,0,0.00%,0,1,4,17,21,0,2,0,0,1,1,1,77,0,0,0.00%,0,0.00%,0,0,3,1,1,10,0,12,6,4,0,10,3,0,11,0,0,0,0,0.75,0,0,0,1,3,4,0,0,0.00%,0,31,0
ch.unisg.tapasexecutorprinter.executorprinter.adapter.out.web.PublishTaskUpdatedEventWebAdapter,0,3,0,0.00%,1,0,1,15,16,0,16,3,3,1,0,0,5’022,0,1,0.00%,0,0.00%,0,0,1,3,3,36,14,58,38,1,0,36,1,0,11,0,0,1.00,1,1.00,15.00,15,2,0,0,16,15,0,0.00%,0,304,1
ch.unisg.tapasexecutorprinter.executorprinter.application.port.in.AssignedTaskToExecutorCommand,0,9,0,0.00%,0,1,5,19,24,0,0,5,5,1,4,4,0,0,0,0.00%,0,0.00%,0,0,5,2,2,13,0,12,4,5,0,13,5,0,11,0,0,0,0,0.83,0,0,1,4,5,6,0,0,0.00%,0,24,0
ch.unisg.tapasexecutorprinter.executorprinter.application.port.in.AssignedTaskToExecutorUseCase,0,0,0,0,0,0,0,0,0,0,0,0,0,0,0,0,0,0,0,0,0,0,0,0,0,0,0,0,0,0,0,0,0,0,0,0,0,0,0,0,0,0,0,0,0,0,0,1,0,0,0,0,0,0
ch.unisg.tapasexecutorprinter.executorprinter.application.port.out.TaskUpdatedEvent,0,3,0,0.00%,0,0,4,13,17,0,0,0,0,1,3,3,0,0,0,0.00%,0,100.00%,0,0,0,1,1,6,0,6,2,4,0,6,0,0,11,0,0,0,0,0.00,0,0,0,3,0,0,0,0,0.00%,0,6,0
ch.unisg.tapasexecutorprinter.executorprinter.application.port.out.TaskUpdatedEventPort,0,0,0,0,0,0,0,0,0,0,0,0,0,0,0,0,0,0,0,0,0,0,0,0,0,0,0,0,0,0,0,0,0,0,0,0,0,0,0,0,0,0,0,0,0,0,0,1,0,0,0,0,0,0
ch.unisg.tapasexecutorprinter.executorprinter.application.service.AssignedTaskToExecutorService,0,9,0,0.00%,1,0,1,15,16,0,32,9,12,1,0,0,11’991,0,1,0.00%,0,0.00%,0,0,1,5,5,33,24,72,36,1,0,33,1,0,11,0,0,1.00,1,1.00,17.00,17,3,0,0,18,17,0,0.00%,0,372,1
ch.unisg.tapasexecutorprinter.executorprinter.domain.Executor,0,7,1,3.45%,1,1,3,18,21,0,20,5,7,1,2,2,8’136,1,0,0.00%,0,0.00%,0,0,2,4,4,29,0,75,41,3,0,28,4,0,11,0,0,1.00,1,0.40,3.00,8,1,2,3,21,12,0,3.57%,0,401,4
ch.unisg.tapasexecutorprinter.executorprinter.domain.Executor.QueueOfTasks,0,4,0,0.00%,0,1,1,18,19,0,0,1,6,1,3,3,0,0,0,0.00%,0,0.00%,0,0,1,3,3,4,0,3,3,1,0,4,1,0,8,3,0,0,0,0.40,0,0,1,3,4,5,0,0,0.00%,0,4,0
ch.unisg.tapasexecutorprinter.executorprinter.domain.Task,0,10,0,0.00%,1,1,5,21,26,0,6,5,5,1,5,7,1’326,6,0,0.00%,0,0.00%,0,0,6,2,2,32,0,53,18,5,0,32,7,0,11,0,0,1.00,1,1.38,3.00,1,1,4,6,8,6,0,0.00%,0,221,2
ch.unisg.tapasexecutorprinter.executorprinter.domain.Task.AssignmentId,0,5,0,0.00%,0,1,1,18,19,0,0,0,0,1,5,10,0,0,0,0.00%,0,0.00%,0,0,1,1,1,4,0,3,3,1,0,4,1,0,8,3,0,0,0,0.40,0,0,0,5,4,5,0,0,0.00%,0,4,0
ch.unisg.tapasexecutorprinter.executorprinter.domain.Task.InputData,0,5,0,0.00%,0,1,1,18,19,0,0,0,0,1,5,10,0,0,0,0.00%,0,0.00%,0,0,1,1,1,4,0,3,3,1,0,4,1,0,8,3,0,0,0,0.40,0,0,0,4,4,5,0,0,0.00%,0,4,0
ch.unisg.tapasexecutorprinter.executorprinter.domain.Task.OutputData,0,5,0,0.00%,0,1,1,18,19,0,0,0,0,1,5,10,0,0,0,0.00%,0,0.00%,0,0,1,1,1,4,0,3,3,1,0,4,1,0,8,3,0,0,0,0.40,0,0,0,4,4,5,0,0,0.00%,0,4,0
ch.unisg.tapasexecutorprinter.executorprinter.domain.Task.TaskId,0,6,0,0.00%,0,1,1,18,19,0,0,0,0,1,6,10,0,0,0,0.00%,0,0.00%,0,0,1,1,1,4,0,3,3,1,0,4,1,0,8,3,0,0,0,0.40,0,0,0,5,4,5,0,0,0.00%,0,4,0
ch.unisg.tapasexecutorprinter.executorprinter.domain.Task.TaskName,0,0,0,0.00%,0,1,1,18,19,0,0,0,0,1,0,0,0,0,0,0.00%,0,0.00%,0,0,1,1,1,4,0,3,3,1,0,4,1,0,8,3,0,0,0,0.40,0,0,0,0,4,5,0,0,0.00%,0,4,0
ch.unisg.tapasexecutorprinter.executorprinter.domain.Task.TaskType,0,4,0,0.00%,0,1,1,18,19,0,0,0,0,1,4,10,0,0,0,0.00%,0,0.00%,0,0,1,1,1,4,0,3,3,1,0,4,1,0,8,3,0,0,0,0.40,0,0,0,4,4,5,0,0,0.00%,0,4,0
ch.unisg.tapasexecutorrohbot.TapasExecutorRohbotApplication,0,0,0,0.00%,1,0,0,14,14,0,2,0,0,1,0,0,75,0,0,100.00%,0,0.00%,0,0,1,1,1,7,1,10,8,0,0,7,1,0,11,0,0,1.00,1,1.00,1.00,1,0,0,0,2,1,0,0.00%,0,30,1
ch.unisg.tapasexecutorrohbot.TapasExecutorRohbotApplicationTest,0,0,0,0.00%,1,0,0,14,14,0,0,0,0,1,0,0,0,0,0,100.00%,0,0.00%,0,0,1,1,1,6,0,3,3,0,0,6,1,0,11,0,0,1.00,1,0.00,0.00,0,0,0,0,1,0,0,0.00%,0,4,1
ch.unisg.tapasexecutorrohbot.executorrohbot.adapter.in.formats.AssignedTaskToExecutorJsonRepresentation,0,3,0,0.00%,0,1,7,21,28,0,6,1,6,1,2,2,690,0,0,0.00%,0,0.00%,0,0,7,3,3,21,2,29,14,7,0,21,7,0,11,0,0,1.00,1,0.88,3.00,3,1,2,7,11,3,0,0.00%,0,110,1
ch.unisg.tapasexecutorrohbot.executorrohbot.adapter.in.messaging.http.ReceiveAssignedTaskToExecutorHttpAdapter,0,8,0,0.00%,0,1,1,15,16,0,9,8,9,1,0,0,1’933,0,0,0.00%,0,0.00%,0,0,1,4,4,32,7,41,28,1,0,32,1,0,11,0,0,1.00,1,1.00,11.00,11,3,0,1,16,11,0,0.00%,0,197,1
ch.unisg.tapasexecutorrohbot.executorrohbot.adapter.in.web.RetrieveQueueOfTasksWebController,0,4,1,5.00%,0,1,0,15,15,0,6,4,10,1,0,0,799,0,0,100.00%,0,0.00%,0,0,1,5,5,20,5,27,23,0,0,19,1,0,11,0,0,1.00,1,0.00,7.00,7,2,0,1,10,7,0,5.26%,0,122,1
ch.unisg.tapasexecutorrohbot.executorrohbot.adapter.in.web.TestAdapter,2,0,5,2.17%,6,0,15,22,37,0,104,0,0,1,0,0,479’328,0,0,6.67%,4,0.00%,0,0,1,1,1,230,158,605,195,15,0,225,9,0,11,0,0,3.56,5,1.89,16.22,30,0,0,3,74,146,0,2.22%,0,4’602,32
ch.unisg.tapasexecutorrohbot.executorrohbot.adapter.out.formats.TaskEventJsonRepresentation,0,1,0,0.00%,0,1,4,17,21,0,2,0,0,1,1,1,77,0,0,0.00%,0,0.00%,0,0,3,1,1,10,0,12,6,4,0,10,3,0,11,0,0,0,0,0.75,0,0,0,1,3,4,0,0,0.00%,0,31,0
ch.unisg.tapasexecutorrohbot.executorrohbot.adapter.out.web.PublishTaskUpdatedEventWebAdapter,0,3,0,0.00%,1,0,1,15,16,0,16,3,3,1,0,0,5’022,0,1,0.00%,0,0.00%,0,0,1,3,3,36,14,58,38,1,0,36,1,0,11,0,0,1.00,1,1.00,15.00,15,2,0,0,16,15,0,0.00%,0,304,1
ch.unisg.tapasexecutorrohbot.executorrohbot.application.port.in.AssignedTaskToExecutorCommand,0,8,0,0.00%,0,1,5,19,24,0,0,5,5,1,3,3,0,0,0,0.00%,0,0.00%,0,0,5,2,2,13,0,12,4,5,0,13,5,0,11,0,0,0,0,0.83,0,0,1,3,5,6,0,0,0.00%,0,24,0
ch.unisg.tapasexecutorrohbot.executorrohbot.application.port.in.AssignedTaskToExecutorUseCase,0,0,0,0,0,0,0,0,0,0,0,0,0,0,0,0,0,0,0,0,0,0,0,0,0,0,0,0,0,0,0,0,0,0,0,0,0,0,0,0,0,0,0,0,0,0,0,1,0,0,0,0,0,0
ch.unisg.tapasexecutorrohbot.executorrohbot.application.port.out.TaskUpdatedEvent,0,3,0,0.00%,0,0,4,13,17,0,0,0,0,1,3,3,0,0,0,0.00%,0,100.00%,0,0,0,1,1,6,0,6,2,4,0,6,0,0,11,0,0,0,0,0.00,0,0,0,3,0,0,0,0,0.00%,0,6,0
ch.unisg.tapasexecutorrohbot.executorrohbot.application.port.out.TaskUpdatedEventPort,0,0,0,0,0,0,0,0,0,0,0,0,0,0,0,0,0,0,0,0,0,0,0,0,0,0,0,0,0,0,0,0,0,0,0,0,0,0,0,0,0,0,0,0,0,0,0,1,0,0,0,0,0,0
ch.unisg.tapasexecutorrohbot.executorrohbot.application.service.AssignedTaskToExecutorService,0,9,0,0.00%,1,0,1,15,16,0,32,9,13,1,0,0,11’991,0,1,0.00%,0,0.00%,0,0,1,5,5,33,24,72,36,1,0,33,1,0,11,0,0,1.00,1,1.00,17.00,17,3,0,0,18,17,0,0.00%,0,372,1
ch.unisg.tapasexecutorrohbot.executorrohbot.domain.Executor,0,7,8,11.11%,1,1,3,18,21,0,39,5,8,1,2,2,29’862,1,0,0.00%,0,0.00%,0,0,2,4,4,72,0,124,71,3,0,64,4,0,11,0,0,1.75,4,0.40,7.75,27,1,2,3,36,31,0,12.50%,0,762,7
ch.unisg.tapasexecutorrohbot.executorrohbot.domain.Executor.QueueOfTasks,0,4,0,0.00%,0,1,1,18,19,0,0,1,6,1,3,3,0,0,0,0.00%,0,0.00%,0,0,1,3,3,4,0,3,3,1,0,4,1,0,8,3,0,0,0,0.40,0,0,1,3,4,5,0,0,0.00%,0,4,0
ch.unisg.tapasexecutorrohbot.executorrohbot.domain.Rohbot,1,1,2,1.20%,5,0,1,20,21,0,83,0,0,1,1,3,241’160,0,0,0.00%,0,0.00%,0,0,2,1,1,166,132,411,128,1,0,164,7,0,11,0,0,3.43,5,1.71,16.29,30,0,1,2,58,114,0,1.22%,0,2’877,24
ch.unisg.tapasexecutorrohbot.executorrohbot.domain.Task,0,10,0,0.00%,1,1,5,21,26,0,6,5,5,1,5,6,1’326,6,0,0.00%,0,0.00%,0,0,6,2,2,32,0,53,18,5,0,32,7,0,11,0,0,1.00,1,1.38,3.00,1,1,4,6,8,6,0,0.00%,0,221,2
ch.unisg.tapasexecutorrohbot.executorrohbot.domain.Task.AssignmentId,0,4,0,0.00%,0,1,1,18,19,0,0,0,0,1,4,9,0,0,0,0.00%,0,0.00%,0,0,1,1,1,4,0,3,3,1,0,4,1,0,8,3,0,0,0,0.40,0,0,0,4,4,5,0,0,0.00%,0,4,0
ch.unisg.tapasexecutorrohbot.executorrohbot.domain.Task.InputData,0,4,0,0.00%,0,1,1,18,19,0,0,0,0,1,4,9,0,0,0,0.00%,0,0.00%,0,0,1,1,1,4,0,3,3,1,0,4,1,0,8,3,0,0,0,0.40,0,0,0,3,4,5,0,0,0.00%,0,4,0
ch.unisg.tapasexecutorrohbot.executorrohbot.domain.Task.OutputData,0,3,0,0.00%,0,1,1,18,19,0,0,0,0,1,3,9,0,0,0,0.00%,0,0.00%,0,0,1,1,1,4,0,3,3,1,0,4,1,0,8,3,0,0,0,0.40,0,0,0,3,4,5,0,0,0.00%,0,4,0
ch.unisg.tapasexecutorrohbot.executorrohbot.domain.Task.TaskId,0,5,0,0.00%,0,1,1,18,19,0,0,0,0,1,5,9,0,0,0,0.00%,0,0.00%,0,0,1,1,1,4,0,3,3,1,0,4,1,0,8,3,0,0,0,0.40,0,0,0,4,4,5,0,0,0.00%,0,4,0
ch.unisg.tapasexecutorrohbot.executorrohbot.domain.Task.TaskName,0,0,0,0.00%,0,1,1,18,19,0,0,0,0,1,0,0,0,0,0,0.00%,0,0.00%,0,0,1,1,1,4,0,3,3,1,0,4,1,0,8,3,0,0,0,0.40,0,0,0,0,4,5,0,0,0.00%,0,4,0
ch.unisg.tapasexecutorrohbot.executorrohbot.domain.Task.TaskType,0,3,0,0.00%,0,1,1,18,19,0,0,0,0,1,3,9,0,0,0,0.00%,0,0.00%,0,0,1,1,1,4,0,3,3,1,0,4,1,0,8,3,0,0,0,0.40,0,0,0,3,4,5,0,0,0.00%,0,4,0
ch.unisg.tapasexecutorweatherman.TapasExecutorPrinterApplicationTests,0,0,0,0.00%,1,0,0,14,14,0,0,0,0,1,0,0,0,0,0,100.00%,0,0.00%,0,0,1,1,1,6,0,2,2,0,0,6,1,0,11,0,0,1.00,1,0.00,0.00,0,0,0,0,1,0,0,0.00%,0,2,1
ch.unisg.tapasexecutorweatherman.TapasExecutorWeathermanApplication,0,0,0,0.00%,1,0,0,14,14,0,2,0,0,1,0,0,75,0,0,100.00%,0,0.00%,0,0,1,1,1,7,1,10,8,0,0,7,1,0,11,0,0,1.00,1,1.00,1.00,1,0,0,0,2,1,0,0.00%,0,30,1
ch.unisg.tapasexecutorweatherman.executorcalculator.adapter.in.web.ReceiveAssignedTaskToExecutorWebControllerTest,0,9,5,13.51%,1,0,2,14,16,0,13,9,10,1,0,0,4’507,0,0,0.00%,0,0.00%,0,0,1,5,5,37,20,63,40,2,0,32,1,0,11,0,0,1.00,1,0.00,9.00,9,4,0,0,23,9,0,15.62%,0,335,1
ch.unisg.tapasexecutorweatherman.executorweatherman.adapter.in.formats.AssignedTaskToExecutorJsonRepresentation,0,4,0,0.00%,0,1,7,21,28,0,6,1,6,1,3,3,690,0,0,0.00%,0,0.00%,0,0,7,3,3,21,2,29,14,7,0,21,7,0,11,0,0,1.00,1,0.88,3.00,3,1,3,7,11,3,0,0.00%,0,110,1
ch.unisg.tapasexecutorweatherman.executorweatherman.adapter.in.messaging.http.ReceiveAssignedTaskToExecutorHttpAdapter,0,9,0,0.00%,0,1,1,15,16,0,9,8,9,1,1,1,1’933,0,0,0.00%,0,0.00%,0,0,1,4,4,32,7,41,28,1,0,32,1,0,11,0,0,1.00,1,1.00,11.00,11,3,1,1,16,11,0,0.00%,0,197,1
ch.unisg.tapasexecutorweatherman.executorweatherman.adapter.in.web.RetrieveQueueOfTasksWebController,0,4,1,5.00%,0,1,0,15,15,0,6,4,9,1,0,0,799,0,0,100.00%,0,0.00%,0,0,1,5,5,20,5,27,23,0,0,19,1,0,11,0,0,1.00,1,0.00,7.00,7,2,0,1,10,7,0,5.26%,0,122,1
ch.unisg.tapasexecutorweatherman.executorweatherman.adapter.out.formats.TaskEventJsonRepresentation,0,1,0,0.00%,0,1,4,17,21,0,2,0,0,1,1,1,77,0,0,0.00%,0,0.00%,0,0,3,1,1,10,0,12,6,4,0,10,3,0,11,0,0,0,0,0.75,0,0,0,1,3,4,0,0,0.00%,0,31,0
ch.unisg.tapasexecutorweatherman.executorweatherman.adapter.out.web.PublishTaskUpdatedEventWebAdapter,0,3,0,0.00%,1,0,1,15,16,0,16,3,3,1,0,0,5’022,0,1,0.00%,0,0.00%,0,0,1,3,3,36,14,58,38,1,0,36,1,0,11,0,0,1.00,1,1.00,15.00,15,2,0,0,16,15,0,0.00%,0,304,1
ch.unisg.tapasexecutorweatherman.executorweatherman.application.port.in.AssignedTaskToExecutorCommand,0,9,0,0.00%,0,1,5,19,24,0,0,5,5,1,4,4,0,0,0,0.00%,0,0.00%,0,0,5,2,2,13,0,12,4,5,0,13,5,0,11,0,0,0,0,0.83,0,0,1,4,5,6,0,0,0.00%,0,24,0
ch.unisg.tapasexecutorweatherman.executorweatherman.application.port.in.AssignedTaskToExecutorUseCase,0,0,0,0,0,0,0,0,0,0,0,0,0,0,0,0,0,0,0,0,0,0,0,0,0,0,0,0,0,0,0,0,0,0,0,0,0,0,0,0,0,0,0,0,0,0,0,1,0,0,0,0,0,0
ch.unisg.tapasexecutorweatherman.executorweatherman.application.port.out.TaskUpdatedEvent,0,3,0,0.00%,0,0,4,13,17,0,0,0,0,1,3,3,0,0,0,0.00%,0,100.00%,0,0,0,1,1,6,0,6,2,4,0,6,0,0,11,0,0,0,0,0.00,0,0,0,3,0,0,0,0,0.00%,0,6,0
ch.unisg.tapasexecutorweatherman.executorweatherman.application.port.out.TaskUpdatedEventPort,0,0,0,0,0,0,0,0,0,0,0,0,0,0,0,0,0,0,0,0,0,0,0,0,0,0,0,0,0,0,0,0,0,0,0,0,0,0,0,0,0,0,0,0,0,0,0,1,0,0,0,0,0,0
ch.unisg.tapasexecutorweatherman.executorweatherman.application.service.AssignedTaskToExecutorService,0,10,0,0.00%,1,0,1,15,16,0,33,10,12,1,0,0,12’807,0,1,0.00%,0,0.00%,0,0,1,5,5,33,25,73,37,1,0,33,1,0,11,0,0,1.00,1,1.00,17.00,17,3,0,0,19,17,0,0.00%,0,380,1
ch.unisg.tapasexecutorweatherman.executorweatherman.domain.Executor,0,7,8,13.79%,1,1,3,18,21,0,29,5,7,1,2,2,23’124,1,0,0.00%,0,0.00%,0,0,2,4,4,58,0,123,77,3,0,50,4,0,11,0,0,1.00,1,0.40,6.25,21,1,2,3,37,25,0,16.00%,0,770,4
ch.unisg.tapasexecutorweatherman.executorweatherman.domain.Executor.QueueOfTasks,0,4,0,0.00%,0,1,1,18,19,0,0,1,6,1,3,3,0,0,0,0.00%,0,0.00%,0,0,1,3,3,4,0,3,3,1,0,4,1,0,8,3,0,0,0,0.40,0,0,1,3,4,5,0,0,0.00%,0,4,0
ch.unisg.tapasexecutorweatherman.executorweatherman.domain.Task,0,10,0,0.00%,1,1,5,21,26,0,6,5,5,1,5,7,1’326,6,0,0.00%,0,0.00%,0,0,6,2,2,32,0,53,18,5,0,32,7,0,11,0,0,1.00,1,1.38,3.00,1,1,4,6,8,6,0,0.00%,0,221,2
ch.unisg.tapasexecutorweatherman.executorweatherman.domain.Task.AssignmentId,0,5,0,0.00%,0,1,1,18,19,0,0,0,0,1,5,10,0,0,0,0.00%,0,0.00%,0,0,1,1,1,4,0,3,3,1,0,4,1,0,8,3,0,0,0,0.40,0,0,0,5,4,5,0,0,0.00%,0,4,0
ch.unisg.tapasexecutorweatherman.executorweatherman.domain.Task.InputData,0,5,0,0.00%,0,1,1,18,19,0,0,0,0,1,5,10,0,0,0,0.00%,0,0.00%,0,0,1,1,1,4,0,3,3,1,0,4,1,0,8,3,0,0,0,0.40,0,0,0,4,4,5,0,0,0.00%,0,4,0
ch.unisg.tapasexecutorweatherman.executorweatherman.domain.Task.OutputData,0,6,0,0.00%,0,1,1,18,19,0,0,0,0,1,6,10,0,0,0,0.00%,0,0.00%,0,0,1,1,1,4,0,3,3,1,0,4,1,0,8,3,0,0,0,0.40,0,0,0,5,4,5,0,0,0.00%,0,4,0
ch.unisg.tapasexecutorweatherman.executorweatherman.domain.Task.TaskId,0,6,0,0.00%,0,1,1,18,19,0,0,0,0,1,6,10,0,0,0,0.00%,0,0.00%,0,0,1,1,1,4,0,3,3,1,0,4,1,0,8,3,0,0,0,0.40,0,0,0,5,4,5,0,0,0.00%,0,4,0
ch.unisg.tapasexecutorweatherman.executorweatherman.domain.Task.TaskName,0,0,0,0.00%,0,1,1,18,19,0,0,0,0,1,0,0,0,0,0,0.00%,0,0.00%,0,0,1,1,1,4,0,3,3,1,0,4,1,0,8,3,0,0,0,0.40,0,0,0,0,4,5,0,0,0.00%,0,4,0
ch.unisg.tapasexecutorweatherman.executorweatherman.domain.Task.TaskType,0,4,0,0.00%,0,1,1,18,19,0,0,0,0,1,4,10,0,0,0,0.00%,0,0.00%,0,0,1,1,1,4,0,3,3,1,0,4,1,0,8,3,0,0,0,0.40,0,0,0,4,4,5,0,0,0.00%,0,4,0
ch.unisg.tapasroster.TapasRosterApplication,0,0,0,0.00%,1,0,0,14,14,0,2,0,0,1,0,0,75,0,0,100.00%,0,0.00%,0,0,1,1,1,7,1,10,8,0,0,7,1,0,11,0,0,1.00,1,1.00,1.00,1,0,0,0,2,1,0,0.00%,0,30,1
ch.unisg.tapasroster.TapasRosterApplicationTests,0,0,0,0.00%,1,0,0,14,14,0,0,0,0,1,0,0,0,0,0,100.00%,0,0.00%,0,0,1,1,1,6,0,2,2,0,0,6,1,0,11,0,0,1.00,1,0.00,0.00,0,0,0,0,1,0,0,0.00%,0,2,1
ch.unisg.tapasroster.common.SelfValidating,0,1,4,23.53%,1,1,1,15,16,0,12,0,0,1,1,4,1’094,0,0,0.00%,4,50.00%,0,0,1,1,1,17,0,21,18,1,0,13,1,1,11,0,1,1.50,2,0.00,2.50,3,0,1,0,7,5,1,30.77%,0,87,3
ch.unisg.tapasroster.roster.AssignTaskToExecutorSystemTest,0,6,1,2.27%,1,0,2,15,17,0,15,6,6,1,0,0,6’123,0,0,0.00%,0,0.00%,0,0,1,2,2,44,21,71,49,2,0,43,2,0,11,0,0,1.00,1,2.50,6.50,8,2,0,1,26,13,0,2.33%,0,398,2
ch.unisg.tapasroster.roster.DependencyRuleTest,0,0,0,0.00%,2,0,0,15,15,0,9,0,0,1,0,0,1’222,0,0,100.00%,0,0.00%,0,0,2,1,1,23,17,29,21,0,0,23,2,0,11,0,0,1.00,1,0.00,1.00,1,0,0,0,15,2,0,0.00%,0,127,2
ch.unisg.tapasroster.roster.adapter.in.formats.AssignmentsJsonRepresentation,0,11,0,0.00%,0,1,10,24,34,0,24,10,12,1,1,1,11’166,0,0,0.00%,0,0.00%,0,0,10,4,4,37,21,83,44,10,0,37,10,0,11,0,0,1.00,1,0.18,6.00,9,1,1,10,33,12,0,0.00%,0,453,2
ch.unisg.tapasroster.roster.adapter.in.formats.ExecutorJsonRepresentation,0,0,0,0.00%,0,1,4,17,21,0,3,0,0,1,0,0,255,0,0,0.00%,0,0.00%,0,0,3,1,1,17,0,23,13,4,0,17,3,0,11,0,0,1.00,1,0.75,3.00,3,0,0,3,4,3,0,0.00%,0,85,1
ch.unisg.tapasroster.roster.adapter.in.formats.TaskEventJsonRepresentation,0,1,0,0.00%,0,1,4,17,21,0,2,0,0,1,1,1,58,0,0,0.00%,0,0.00%,0,0,3,1,1,10,0,9,6,4,0,10,3,0,11,0,0,0,0,0.00,0,0,0,1,3,4,0,0,0.00%,0,23,0
ch.unisg.tapasroster.roster.adapter.in.formats.TaskJsonRepresentation,0,2,0,0.00%,0,1,6,19,25,0,3,0,0,1,2,2,392,0,0,0.00%,0,0.00%,0,0,5,1,1,20,0,32,17,6,0,20,5,0,11,0,0,1.00,1,0.83,5.00,5,0,2,5,6,5,0,0.00%,0,130,1
ch.unisg.tapasroster.roster.adapter.in.messaging.http.DeleteAssignmentHttpAdapter,0,3,0,0.00%,1,1,1,15,16,0,3,3,3,1,0,0,139,0,0,0.00%,0,0.00%,0,0,1,4,4,10,1,12,10,1,0,10,1,0,11,0,0,1.00,1,1.00,1.00,1,2,0,0,5,1,0,0.00%,0,39,1
ch.unisg.tapasroster.roster.adapter.in.messaging.http.ReceiveTaskFromTastListHttpAdapter,0,11,1,2.86%,0,1,2,15,17,0,12,11,21,1,0,0,3’463,0,0,0.00%,0,0.00%,0,0,1,5,5,35,10,55,38,2,0,34,1,0,11,0,0,1.00,1,1.00,13.00,13,3,0,1,22,13,0,2.94%,0,288,1
ch.unisg.tapasroster.roster.adapter.in.messaging.http.TaskEventDispatcher,0,8,0,0.00%,0,1,2,15,17,0,11,8,16,1,0,0,2’193,0,0,0.00%,0,0.00%,0,0,1,5,5,25,8,39,28,2,0,25,1,0,11,0,0,1.00,1,1.00,7.00,7,3,0,1,17,7,0,0.00%,0,187,1
ch.unisg.tapasroster.roster.adapter.in.web.RetrieveAllAssignmentsWebController,0,2,0,0.00%,0,1,1,15,16,0,7,2,14,1,0,0,948,0,0,0.00%,0,0.00%,0,0,1,5,5,19,4,29,25,1,0,19,1,0,11,0,0,1.00,1,0.50,6.00,6,2,0,1,9,6,0,0.00%,0,134,1
ch.unisg.tapasroster.roster.adapter.out.formats.AuctionJsonRepresentation,0,1,0,0.00%,0,1,5,18,23,0,3,0,0,1,1,1,395,0,0,0.00%,0,0.00%,0,0,4,1,1,22,0,31,19,5,0,22,4,0,11,0,0,1.00,1,0.80,4.00,4,0,1,4,5,4,0,0.00%,0,131,1
ch.unisg.tapasroster.roster.adapter.out.formats.ExecutorJsonRepresentation,0,1,0,0.00%,0,1,4,17,21,0,3,0,0,1,1,1,312,0,0,0.00%,0,0.00%,0,0,3,1,1,18,0,26,16,4,0,18,3,0,11,0,0,1.00,1,0.75,3.00,3,0,1,3,4,3,0,0.00%,0,104,1
ch.unisg.tapasroster.roster.adapter.out.formats.FindExecutorByTypeRequestJsonRepresentation,0,0,0,0.00%,1,1,1,16,17,0,2,0,0,1,0,0,36,0,0,0.00%,0,0.00%,0,0,1,1,1,8,0,7,6,1,0,8,2,0,11,0,0,1.00,1,0.67,1.00,1,0,0,1,3,1,0,0.00%,0,18,1
ch.unisg.tapasroster.roster.adapter.out.persistence.mongodb.AssignmentMapper,0,14,0,0.00%,0,0,0,15,15,0,32,13,13,1,1,2,13’918,0,0,100.00%,0,0.00%,0,0,2,4,4,37,24,80,43,0,0,37,2,0,11,0,0,2.00,3,1.00,2.00,3,2,1,2,36,4,0,0.00%,0,434,4
ch.unisg.tapasroster.roster.adapter.out.persistence.mongodb.AssignmentPersistenceAdapter,0,12,0,0.00%,2,1,2,22,24,0,28,11,21,1,1,1,8’723,0,4,0.00%,0,0.00%,0,0,1,5,5,42,14,59,36,2,0,42,4,0,11,0,0,1.75,2,1.00,4.00,6,3,1,2,19,16,0,0.00%,0,305,7
ch.unisg.tapasroster.roster.adapter.out.persistence.mongodb.AssignmentRepository,0,0,0,0,0,0,0,0,0,0,0,0,0,0,0,0,0,0,0,0,0,0,0,0,0,0,0,0,0,0,0,0,0,0,0,0,0,0,0,0,0,0,0,0,0,0,0,5,0,0,0,0,0,0
ch.unisg.tapasroster.roster.adapter.out.persistence.mongodb.MongoAssignmentDocument,0,3,0,0.00%,10,1,10,38,48,0,1,0,0,1,3,4,302,0,0,0.00%,0,0.00%,0,0,11,1,1,38,0,44,24,10,0,38,21,0,8,3,0,1.00,1,0.88,10.00,10,0,1,14,25,10,0,0.00%,0,201,1
ch.unisg.tapasroster.roster.adapter.out.web.FindExecutorByTypeWebAdapter,0,6,3,6.82%,0,0,2,15,17,0,30,6,6,1,0,0,14’698,0,1,0.00%,0,0.00%,0,0,1,4,4,44,22,84,57,2,0,41,1,0,11,0,0,2.00,2,1.00,23.00,23,3,0,1,26,23,0,7.32%,0,489,2
ch.unisg.tapasroster.roster.adapter.out.web.LaunchAuctionWebAdapter,0,6,0,0.00%,1,0,1,15,16,0,19,6,8,1,0,0,6’168,0,1,0.00%,0,0.00%,0,0,1,4,4,34,20,58,43,1,0,34,1,0,11,0,0,1.00,1,1.00,13.00,13,3,0,0,22,13,0,0.00%,0,314,1
ch.unisg.tapasroster.roster.adapter.out.web.PublishTaskAssignedToExecutorEventWebAdapter,0,2,0,0.00%,1,1,1,16,17,0,19,2,2,1,0,0,5’634,0,1,0.00%,0,0.00%,0,0,1,3,3,29,18,55,42,1,0,29,1,0,11,0,0,1.00,1,0.50,12.00,12,1,0,0,19,12,0,0.00%,0,296,1
ch.unisg.tapasroster.roster.adapter.out.web.PublishTaskUpdatedEventWebAdapter,0,4,0,0.00%,1,0,2,15,17,0,22,4,14,1,0,0,11’806,0,1,0.00%,0,0.00%,0,0,1,4,4,38,23,90,62,2,0,38,1,0,11,0,0,3.00,3,1.00,19.00,19,2,0,0,21,19,0,0.00%,0,535,3
ch.unisg.tapasroster.roster.application.port.in.AddTaskToAssignmentsCommand,0,4,0,0.00%,0,1,1,18,19,0,2,1,6,1,3,3,56,0,0,0.00%,0,0.00%,0,0,1,3,3,8,0,8,7,1,0,8,1,0,8,3,0,1.00,1,0.40,1.00,1,1,3,4,5,1,0,0.00%,0,22,1
ch.unisg.tapasroster.roster.application.port.in.AddTaskToAssignmentsUseCase,0,0,0,0,0,0,0,0,0,0,0,0,0,0,0,0,0,0,0,0,0,0,0,0,0,0,0,0,0,0,0,0,0,0,0,0,0,0,0,0,0,0,0,0,0,0,0,1,0,0,0,0,0,0
ch.unisg.tapasroster.roster.application.port.in.AssignTaskToExecutorCommand,0,1,0,0.00%,0,1,1,18,19,0,2,1,12,1,0,0,56,0,0,0.00%,0,0.00%,0,0,1,4,4,8,0,8,7,1,0,8,1,0,8,3,0,1.00,1,0.40,1.00,1,1,0,4,5,1,0,0.00%,0,22,1
ch.unisg.tapasroster.roster.application.port.in.AssignTaskToExecutorUseCase,0,0,0,0,0,0,0,0,0,0,0,0,0,0,0,0,0,0,0,0,0,0,0,0,0,0,0,0,0,0,0,0,0,0,0,0,0,0,0,0,0,0,0,0,0,0,0,1,0,0,0,0,0,0
ch.unisg.tapasroster.roster.application.port.in.DeleteAssignmentCommand,0,4,0,0.00%,0,1,1,15,16,0,2,1,1,1,3,3,36,0,0,0.00%,0,0.00%,0,0,1,2,2,7,0,7,6,1,0,7,1,0,11,0,0,1.00,1,0.50,1.00,1,1,3,1,2,1,0,0.00%,0,18,1
ch.unisg.tapasroster.roster.application.port.in.DeleteAssignmentUseCase,0,0,0,0,0,0,0,0,0,0,0,0,0,0,0,0,0,0,0,0,0,0,0,0,0,0,0,0,0,0,0,0,0,0,0,0,0,0,0,0,0,0,0,0,0,0,0,1,0,0,0,0,0,0
ch.unisg.tapasroster.roster.application.port.in.GetAllAssignmentsUseCase,0,0,0,0,0,0,0,0,0,0,0,0,0,0,0,0,0,0,0,0,0,0,0,0,0,0,0,0,0,0,0,0,0,0,0,0,0,0,0,0,0,0,0,0,0,0,0,1,0,0,0,0,0,0
ch.unisg.tapasroster.roster.application.port.in.TaskEvent,0,7,0,0.00%,0,1,4,23,27,0,0,4,5,2,3,3,0,0,0,0.00%,0,0.00%,0,0,4,3,3,9,0,9,5,3,1,9,4,0,9,3,0,0,0,0.62,0,0,2,3,7,8,0,0,0.00%,0,20,0
ch.unisg.tapasroster.roster.application.port.in.TaskEventHandlerUseCase,0,0,0,0,0,0,0,0,0,0,0,0,0,0,0,0,0,0,0,0,0,0,0,0,0,0,0,0,0,0,0,0,0,0,0,0,0,0,0,0,0,0,0,0,0,0,0,1,0,0,0,0,0,0
ch.unisg.tapasroster.roster.application.port.out.DeleteAssignmentPort,0,0,0,0,0,0,0,0,0,0,0,0,0,0,0,0,0,0,0,0,0,0,0,0,0,0,0,0,0,0,0,0,0,0,0,0,0,0,0,0,0,0,0,0,0,0,0,1,0,0,0,0,0,0
ch.unisg.tapasroster.roster.application.port.out.FindExecutorByTypePort,0,0,0,0,0,0,0,0,0,0,0,0,0,0,0,0,0,0,0,0,0,0,0,0,0,0,0,0,0,0,0,0,0,0,0,0,0,0,0,0,0,0,0,0,0,0,0,1,0,0,0,0,0,0
ch.unisg.tapasroster.roster.application.port.out.LaunchAuctionPort,0,0,0,0,0,0,0,0,0,0,0,0,0,0,0,0,0,0,0,0,0,0,0,0,0,0,0,0,0,0,0,0,0,0,0,0,0,0,0,0,0,0,0,0,0,0,0,1,0,0,0,0,0,0
ch.unisg.tapasroster.roster.application.port.out.LoadAllAssignmentsPort,0,0,0,0,0,0,0,0,0,0,0,0,0,0,0,0,0,0,0,0,0,0,0,0,0,0,0,0,0,0,0,0,0,0,0,0,0,0,0,0,0,0,0,0,0,0,0,1,0,0,0,0,0,0
ch.unisg.tapasroster.roster.application.port.out.LoadAssignmentPort,0,0,0,0,0,0,0,0,0,0,0,0,0,0,0,0,0,0,0,0,0,0,0,0,0,0,0,0,0,0,0,0,0,0,0,0,0,0,0,0,0,0,0,0,0,0,0,1,0,0,0,0,0,0
ch.unisg.tapasroster.roster.application.port.out.SaveAssignmentPort,0,0,0,0,0,0,0,0,0,0,0,0,0,0,0,0,0,0,0,0,0,0,0,0,0,0,0,0,0,0,0,0,0,0,0,0,0,0,0,0,0,0,0,0,0,0,0,1,0,0,0,0,0,0
ch.unisg.tapasroster.roster.application.port.out.TaskAssignedToExecutorEvent,0,3,0,0.00%,0,1,8,22,30,0,0,0,0,1,3,3,0,0,0,0.00%,0,0.00%,0,0,8,1,1,19,0,18,3,8,0,19,8,0,11,0,0,0,0,0.89,0,0,0,3,8,9,0,0,0.00%,0,28,0
ch.unisg.tapasroster.roster.application.port.out.TaskAssignedToExecutorEventPort,0,0,0,0,0,0,0,0,0,0,0,0,0,0,0,0,0,0,0,0,0,0,0,0,0,0,0,0,0,0,0,0,0,0,0,0,0,0,0,0,0,0,0,0,0,0,0,1,0,0,0,0,0,0
ch.unisg.tapasroster.roster.application.port.out.TaskUpdatedEvent,0,3,0,0.00%,0,1,3,14,17,0,0,0,0,1,3,3,0,0,0,0.00%,0,0.00%,0,0,0,1,1,6,0,5,2,3,0,6,0,0,11,0,0,0,0,0.00,0,0,0,3,0,1,0,0,0.00%,0,5,0
ch.unisg.tapasroster.roster.application.port.out.TaskUpdatedEventPort,0,0,0,0,0,0,0,0,0,0,0,0,0,0,0,0,0,0,0,0,0,0,0,0,0,0,0,0,0,0,0,0,0,0,0,0,0,0,0,0,0,0,0,0,0,0,0,1,0,0,0,0,0,0
ch.unisg.tapasroster.roster.application.service.AddTaskToAssignmentsService,0,18,0,0.00%,0,1,3,16,19,0,20,18,27,1,0,0,5’919,0,1,0.00%,0,0.00%,0,0,1,6,6,24,16,56,39,3,0,24,1,0,11,0,0,2.00,2,2.00,12.00,12,3,0,1,24,12,0,0.00%,0,295,2
ch.unisg.tapasroster.roster.application.service.AssignTaskToExecutorService,0,19,0,0.00%,0,1,4,16,20,0,43,19,21,1,0,0,20’502,0,1,0.00%,0,0.00%,0,0,1,5,5,32,32,83,52,4,0,32,1,0,11,0,0,2.00,2,2.00,9.00,9,3,0,1,35,9,0,0.00%,0,473,2
ch.unisg.tapasroster.roster.application.service.DeleteAssignmentService,0,3,0,0.00%,1,1,1,16,17,0,4,3,4,1,0,0,166,0,1,0.00%,0,0.00%,0,0,1,4,4,9,2,12,11,1,0,9,1,0,11,0,0,1.00,1,1.00,1.00,1,2,0,0,4,1,0,0.00%,0,41,1
ch.unisg.tapasroster.roster.application.service.GetAllAssignmentsService,0,3,0,0.00%,0,1,1,16,17,0,3,3,23,1,0,0,127,0,1,0.00%,0,0.00%,0,0,1,6,6,12,1,11,10,1,0,12,1,0,11,0,0,1.00,1,0.50,2.00,2,3,0,1,3,2,0,0.00%,0,36,1
ch.unisg.tapasroster.roster.application.service.TaskEventHandlerService,0,14,0,0.00%,1,1,3,16,19,0,36,14,23,1,0,0,20’946,0,1,0.00%,0,0.00%,0,0,1,6,6,42,34,99,58,3,0,42,1,0,11,0,0,4.00,4,2.00,25.00,25,3,0,0,28,25,0,0.00%,0,579,4
ch.unisg.tapasroster.roster.domain.Assignment,0,30,0,0.00%,4,2,10,29,39,0,11,11,11,1,19,20,8’352,11,0,0.00%,0,0.00%,0,0,7,3,3,77,0,144,36,10,0,77,14,0,11,0,0,1.00,1,1.19,5.20,1,1,8,10,23,26,0,0.00%,0,744,5
ch.unisg.tapasroster.roster.domain.Assignment.AssignmentId,0,11,0,0.00%,0,1,1,18,19,0,0,0,0,1,11,23,0,0,0,0.00%,0,0.00%,0,0,1,1,1,4,0,3,3,1,0,4,1,0,8,3,0,0,0,0.40,0,0,0,7,4,5,0,0,0.00%,0,4,0
ch.unisg.tapasroster.roster.domain.Assignment.AssignmentStatus,0,7,0,0.00%,0,1,1,18,19,0,0,1,1,1,6,23,0,0,0,0.00%,0,0.00%,0,0,1,2,2,4,0,3,3,1,0,4,1,0,8,3,0,0,0,0.40,0,0,1,6,4,5,0,0,0.00%,0,4,0
ch.unisg.tapasroster.roster.domain.Assignment.ExecutorId,0,4,0,0.00%,0,1,1,18,19,0,0,0,0,1,4,21,0,0,0,0.00%,0,0.00%,0,0,1,1,1,4,0,3,3,1,0,4,1,0,8,3,0,0,0,0.40,0,0,0,4,4,5,0,0,0.00%,0,4,0
ch.unisg.tapasroster.roster.domain.Assignment.ExecutorLocation,0,3,0,0.00%,0,1,1,18,19,0,0,0,0,1,3,21,0,0,0,0.00%,0,0.00%,0,0,1,1,1,4,0,3,3,1,0,4,1,0,8,3,0,0,0,0.40,0,0,0,3,4,5,0,0,0.00%,0,4,0
ch.unisg.tapasroster.roster.domain.Assignment.ExecutorType,0,4,0,0.00%,0,1,1,18,19,0,0,0,0,1,4,21,0,0,0,0.00%,0,0.00%,0,0,1,1,1,4,0,3,3,1,0,4,1,0,8,3,0,0,0,0.40,0,0,0,4,4,5,0,0,0.00%,0,4,0
ch.unisg.tapasroster.roster.domain.Assignment.Status,0,6,0,0.00%,0,0,6,30,36,0,0,0,0,0,6,24,0,0,3,0.00%,0,0.00%,0,0,2,1,1,6,0,2,2,4,2,6,2,0,21,0,0,0,0,0.50,0,0,0,5,2,2,0,0,0.00%,0,2,0
ch.unisg.tapasroster.roster.domain.Assignment.TaskId,0,6,0,0.00%,0,1,1,18,19,0,0,0,0,1,6,21,0,0,0,0.00%,0,0.00%,0,0,1,1,1,4,0,3,3,1,0,4,1,0,8,3,0,0,0,0.40,0,0,0,4,4,5,0,0,0.00%,0,4,0
ch.unisg.tapasroster.roster.domain.Assignment.TaskInputData,0,5,0,0.00%,0,1,1,18,19,0,0,0,0,1,5,21,0,0,0,0.00%,0,0.00%,0,0,1,1,1,4,0,3,3,1,0,4,1,0,8,3,0,0,0,0.40,0,0,0,4,4,5,0,0,0.00%,0,4,0
ch.unisg.tapasroster.roster.domain.Assignment.TaskListName,0,5,0,0.00%,0,1,1,18,19,0,0,0,0,1,5,21,0,0,0,0.00%,0,0.00%,0,0,1,1,1,4,0,3,3,1,0,4,1,0,8,3,0,0,0,0.40,0,0,0,4,4,5,0,0,0.00%,0,4,0
ch.unisg.tapasroster.roster.domain.Assignment.TaskOutputData,0,8,0,0.00%,0,1,1,18,19,0,0,0,0,1,8,23,0,0,0,0.00%,0,0.00%,0,0,1,1,1,4,0,3,3,1,0,4,1,0,8,3,0,0,0,0.40,0,0,0,6,4,5,0,0,0.00%,0,4,0
ch.unisg.tapasroster.roster.domain.Assignment.TaskType,0,5,0,0.00%,0,1,1,18,19,0,0,0,0,1,5,21,0,0,0,0.00%,0,0.00%,0,0,1,1,1,4,0,3,3,1,0,4,1,0,8,3,0,0,0,0.40,0,0,0,4,4,5,0,0,0.00%,0,4,0
ch.unisg.tapasroster.roster.domain.AssignmentList,0,7,0,0.00%,0,1,4,19,23,0,17,5,15,1,2,2,5’670,2,0,0.00%,0,0.00%,0,0,3,5,5,28,0,66,32,4,0,28,5,0,11,0,0,1.50,3,0.50,2.50,4,1,1,5,16,10,0,0.00%,0,330,6
ch.unisg.tapasroster.roster.domain.AssignmentList.AssignmentListName,0,1,0,0.00%,0,1,1,18,19,0,0,0,0,1,1,3,0,0,0,0.00%,0,0.00%,0,0,1,1,1,4,0,3,3,1,0,4,1,0,8,3,0,0,0,0.40,0,0,0,1,4,5,0,0,0.00%,0,4,0
ch.unisg.tapasroster.roster.domain.AssignmentList.ListOfAssignments,0,2,0,0.00%,0,1,1,18,19,0,0,1,12,1,1,3,0,0,0,0.00%,0,0.00%,0,0,1,4,4,4,0,3,3,1,0,4,1,0,8,3,0,0,0,0.40,0,0,1,1,4,5,0,0,0.00%,0,4,0
ch.unisg.tapasroster.roster.domain.AssignmentNotFoundError,0,4,0,0.00%,0,0,6,45,51,0,0,0,0,3,4,6,0,0,1,100.00%,0,100.00%,0,0,0,1,1,2,0,3,3,0,6,2,0,0,25,0,0,0,0,0.00,0,0,0,4,0,0,0,0,0.00%,0,4,0
ch.unisg.tapasroster.roster.domain.Executor,0,6,0,0.00%,0,1,4,18,22,0,9,3,3,1,3,3,1’926,3,0,0.00%,0,0.00%,0,0,4,2,2,24,0,47,21,4,0,24,4,0,11,0,0,1.00,1,1.20,2.50,1,1,3,4,9,5,0,0.00%,0,206,2
ch.unisg.tapasroster.roster.domain.Executor.ExecutorId,0,3,0,0.00%,0,1,1,18,19,0,0,0,0,1,3,4,0,0,0,0.00%,0,0.00%,0,0,1,1,1,4,0,3,3,1,0,4,1,0,8,3,0,0,0,0.40,0,0,0,3,4,5,0,0,0.00%,0,4,0
ch.unisg.tapasroster.roster.domain.Executor.ExecutorLocation,0,3,0,0.00%,0,1,1,18,19,0,0,0,0,1,3,4,0,0,0,0.00%,0,0.00%,0,0,1,1,1,4,0,3,3,1,0,4,1,0,8,3,0,0,0,0.40,0,0,0,3,4,5,0,0,0.00%,0,4,0
ch.unisg.tapasroster.roster.domain.Executor.ExecutorType,0,4,0,0.00%,0,1,1,18,19,0,0,0,0,1,4,4,0,0,0,0.00%,0,0.00%,0,0,1,1,1,4,0,3,3,1,0,4,1,0,8,3,0,0,0,0.40,0,0,0,4,4,5,0,0,0.00%,0,4,0
ch.unisg.tapasroster.roster.domain.Task,0,10,0,0.00%,0,1,5,19,24,0,3,5,5,1,5,6,516,5,0,0.00%,0,0.00%,0,0,5,2,2,24,0,43,16,5,0,24,5,0,11,0,0,1.00,1,0.83,5.00,5,1,5,5,6,5,0,0.00%,0,172,1
ch.unisg.tapasroster.roster.domain.Task.InputData,0,5,0,0.00%,0,1,1,18,19,0,0,0,0,1,5,8,0,0,0,0.00%,0,0.00%,0,0,1,1,1,4,0,3,3,1,0,4,1,0,8,3,0,0,0,0.40,0,0,0,5,4,5,0,0,0.00%,0,4,0
ch.unisg.tapasroster.roster.domain.Task.OutputData,0,4,0,0.00%,0,1,1,18,19,0,0,0,0,1,4,8,0,0,0,0.00%,0,0.00%,0,0,1,1,1,4,0,3,3,1,0,4,1,0,8,3,0,0,0,0.40,0,0,0,4,4,5,0,0,0.00%,0,4,0
ch.unisg.tapasroster.roster.domain.Task.TaskId,0,9,0,0.00%,0,1,1,18,19,0,0,0,0,1,9,15,0,0,0,0.00%,0,0.00%,0,0,1,1,1,4,0,3,3,1,0,4,1,0,8,3,0,0,0,0.40,0,0,0,8,4,5,0,0,0.00%,0,4,0
ch.unisg.tapasroster.roster.domain.Task.TaskListName,0,4,0,0.00%,0,1,1,18,19,0,0,0,0,1,4,8,0,0,0,0.00%,0,0.00%,0,0,1,1,1,4,0,3,3,1,0,4,1,0,8,3,0,0,0,0.40,0,0,0,4,4,5,0,0,0.00%,0,4,0
ch.unisg.tapasroster.roster.domain.Task.TaskType,0,5,0,0.00%,0,1,1,18,19,0,0,0,0,1,5,8,0,0,0,0.00%,0,0.00%,0,0,1,1,1,4,0,3,3,1,0,4,1,0,8,3,0,0,0,0.40,0,0,0,5,4,5,0,0,0.00%,0,4,0
ch.unisg.tapastasks.TapasTasksApplication,0,1,0,0.00%,1,0,0,14,14,0,3,1,2,1,0,0,129,0,0,100.00%,0,0.00%,0,0,1,3,3,9,1,13,10,0,0,9,1,0,11,0,0,1.00,1,1.00,2.00,2,1,0,0,3,2,0,0.00%,0,43,1
ch.unisg.tapastasks.TapasTasksApplicationTests,0,0,0,0.00%,1,0,0,14,14,0,0,0,0,1,0,0,0,0,0,100.00%,0,0.00%,0,0,1,1,1,6,0,2,2,0,0,6,1,0,11,0,0,1.00,1,0.00,0.00,0,0,0,0,1,0,0,0.00%,0,2,1
ch.unisg.tapastasks.common.SelfValidating,0,8,4,23.53%,1,1,1,15,16,0,12,0,0,1,8,35,1’094,0,0,0.00%,4,50.00%,0,0,1,1,1,17,0,21,18,1,0,13,1,8,11,0,1,1.50,2,0.00,2.50,3,0,1,0,7,5,8,30.77%,0,87,3
ch.unisg.tapastasks.tasks.AddNewTaskToTaskListSystemTest,0,6,0,0.00%,1,0,3,15,18,0,21,6,16,1,0,0,9’227,0,0,0.00%,0,0.00%,0,0,1,6,6,39,31,76,55,3,0,39,2,0,11,0,0,1.00,1,1.00,7.50,9,3,0,1,31,15,0,0.00%,0,439,2
ch.unisg.tapastasks.tasks.DependencyRuleTests,0,0,0,0.00%,1,0,0,14,14,0,5,0,0,1,0,0,293,0,0,100.00%,0,0.00%,0,0,1,1,1,13,8,14,14,0,0,13,1,0,11,0,0,1.00,1,0.00,1.00,1,0,0,0,10,1,0,0.00%,0,53,1
ch.unisg.tapastasks.tasks.adapter.in.formats.StatusJsonRepresentation,0,3,12,40.00%,1,2,2,18,20,0,10,2,10,1,1,1,1’624,0,0,0.00%,11,20.00%,0,0,2,4,4,30,6,34,22,2,0,18,3,0,11,0,0,1.00,1,0.60,2.33,4,1,1,2,11,7,0,66.67%,0,151,3
ch.unisg.tapastasks.tasks.adapter.in.formats.TaskJsonPatchRepresentation,0,8,28,35.90%,0,1,2,22,24,0,33,4,10,1,4,4,25’365,0,0,0.00%,28,44.44%,0,0,1,4,4,78,45,130,55,2,0,50,8,0,11,0,0,1.33,2,0.89,1.78,5,1,1,8,25,16,0,56.00%,0,751,12
ch.unisg.tapastasks.tasks.adapter.in.formats.TaskJsonRepresentation,0,16,52,30.41%,6,2,9,32,41,0,47,10,10,1,6,6,68’436,0,0,0.00%,33,21.05%,0,0,2,4,4,171,49,222,93,9,0,119,17,0,11,0,0,1.80,5,0.63,4.60,7,1,2,11,52,23,0,43.70%,0,1’451,9
ch.unisg.tapastasks.tasks.adapter.in.messaging.UnknownEventException,0,1,0,0.00%,0,0,6,50,56,0,0,0,0,4,1,1,0,0,1,100.00%,0,100.00%,0,0,0,1,1,1,0,3,3,0,6,1,0,0,25,0,0,0,0,0.00,0,0,0,1,0,0,0,0,0.00%,0,4,0
ch.unisg.tapastasks.tasks.adapter.in.messaging.http.TaskAssignedEventListenerHttpAdapter,0,8,15,57.69%,0,1,1,16,17,0,6,7,16,2,1,1,560,0,0,0.00%,15,50.00%,0,0,1,5,5,26,3,22,19,1,0,11,1,0,11,0,0,1.00,1,1.50,4.00,4,4,1,1,8,4,0,136.36%,0,93,1
ch.unisg.tapastasks.tasks.adapter.in.messaging.http.TaskEventHttpDispatcher,0,8,34,45.33%,0,1,6,15,21,0,16,8,24,1,0,0,7’283,0,0,0.00%,26,50.00%,0,0,1,6,6,75,9,81,48,6,0,41,1,0,11,0,0,3.00,3,2.50,21.00,21,4,0,1,16,21,0,82.93%,0,452,3
ch.unisg.tapastasks.tasks.adapter.in.messaging.http.TaskEventListener,0,5,13,81.25%,0,0,0,14,14,0,0,1,1,1,4,4,0,0,0,100.00%,13,100.00%,0,0,1,2,2,16,0,7,5,0,0,3,0,3,11,0,0,0,0,2.00,0,0,1,1,1,1,0,3,433.33%,0,16,0
ch.unisg.tapastasks.tasks.adapter.in.messaging.http.TaskExecutedEventListenerHttpAdapter,0,9,14,51.85%,0,1,1,16,17,0,8,8,16,2,1,1,963,0,0,0.00%,14,50.00%,0,0,1,5,5,27,5,27,21,1,0,13,1,0,11,0,0,1.00,1,1.50,5.00,5,4,1,1,9,5,0,107.69%,0,118,1
ch.unisg.tapastasks.tasks.adapter.in.messaging.http.TaskStartedEventListenerHttpAdapter,0,8,13,54.17%,0,1,1,16,17,0,6,7,16,2,1,1,560,0,0,0.00%,13,50.00%,0,0,1,5,5,24,3,22,19,1,0,11,1,0,11,0,0,1.00,1,1.50,4.00,4,4,1,1,8,4,0,118.18%,0,93,1
ch.unisg.tapastasks.tasks.adapter.in.web.AddNewTaskToTaskListWebController,0,8,19,38.78%,0,1,2,15,17,0,12,7,14,1,1,1,4’029,0,0,0.00%,9,0.00%,0,0,1,5,5,49,10,62,41,2,0,30,1,0,11,0,0,3.00,3,1.00,11.00,11,3,1,1,18,11,0,63.33%,0,332,3
ch.unisg.tapastasks.tasks.adapter.in.web.AddNewTaskToTaskListWebControllerTest,0,10,0,0.00%,1,0,3,14,17,0,19,10,17,1,0,0,6’739,0,0,0.00%,0,0.00%,0,0,1,6,6,35,21,66,41,3,0,35,1,0,11,0,0,1.00,1,0.00,9.00,9,5,0,0,24,9,0,0.00%,0,353,1
ch.unisg.tapastasks.tasks.adapter.in.web.CheckStatusOfTaskWebController,0,6,15,37.50%,0,1,1,15,16,0,7,6,15,1,0,0,1’672,0,0,0.00%,14,50.00%,0,0,1,5,5,40,4,43,32,1,0,25,1,0,11,0,0,1.00,1,1.00,5.00,9,3,0,1,12,10,0,60.00%,0,215,2
ch.unisg.tapastasks.tasks.adapter.in.web.DeleteTaskFromTaskListWebController,0,3,0,0.00%,0,1,1,15,16,0,5,3,4,1,0,0,808,0,0,0.00%,0,0.00%,0,0,1,4,4,21,1,30,23,1,0,21,1,0,11,0,0,1.50,2,1.00,3.00,5,2,0,1,6,6,0,0.00%,0,135,3
ch.unisg.tapastasks.tasks.adapter.in.web.RetrieveAllTasksWebController,0,3,0,0.00%,0,1,1,15,16,0,6,3,12,1,0,0,834,0,0,0.00%,0,0.00%,0,0,1,5,5,20,3,28,24,1,0,20,1,0,11,0,0,1.00,1,0.50,7.00,7,3,0,1,8,7,0,0.00%,0,128,1
ch.unisg.tapastasks.tasks.adapter.in.web.RetrieveTaskFromTaskListWebController,0,6,15,39.47%,0,1,1,15,16,0,6,6,15,1,0,0,1’317,0,0,0.00%,14,50.00%,0,0,1,5,5,38,4,39,30,1,0,23,1,0,11,0,0,1.00,1,1.00,9.00,9,3,0,1,12,9,0,65.22%,0,191,1
ch.unisg.tapastasks.tasks.adapter.in.web.RetrieveTasksByStatusWebController,0,5,5,17.86%,0,1,1,15,16,0,7,5,14,1,0,0,1’278,0,0,0.00%,5,0.00%,0,0,1,5,5,28,3,36,29,1,0,23,1,0,11,0,0,1.00,1,1.00,4.50,8,3,0,1,9,9,0,21.74%,0,174,2
ch.unisg.tapastasks.tasks.adapter.out.persistence.mongodb.MongoTaskDocument,0,4,0,0.00%,9,1,9,36,45,0,1,0,0,1,4,6,267,0,0,0.00%,0,0.00%,0,0,10,1,1,26,0,40,22,9,0,26,19,0,8,3,0,1.00,1,0.87,9.00,9,0,1,13,23,9,0,0.00%,0,178,1
ch.unisg.tapastasks.tasks.adapter.out.persistence.mongodb.TaskMapper,0,15,0,0.00%,0,0,0,15,15,0,34,13,15,1,2,2,15’229,0,0,100.00%,0,0.00%,0,0,2,6,6,40,26,82,41,0,0,40,2,0,11,0,0,3.00,5,1.00,3.00,5,2,1,2,33,6,0,0.00%,0,439,6
ch.unisg.tapastasks.tasks.adapter.out.persistence.mongodb.TaskPersistenceAdapter,0,14,0,0.00%,2,1,2,26,28,0,41,13,22,1,1,1,21’222,0,5,0.00%,0,0.00%,0,0,1,7,7,62,20,96,40,2,0,62,6,0,11,0,0,1.67,2,1.29,4.33,6,3,1,4,19,26,0,0.00%,0,510,10
ch.unisg.tapastasks.tasks.adapter.out.persistence.mongodb.TaskPersistenceAdapterTest,0,16,0,0.00%,2,0,2,15,17,0,26,16,23,1,0,0,17’571,0,0,0.00%,0,0.00%,0,0,1,8,8,60,31,113,55,2,0,60,2,0,11,0,0,1.00,1,0.00,16.00,17,2,0,0,32,32,0,0.00%,0,653,2
ch.unisg.tapastasks.tasks.adapter.out.persistence.mongodb.TaskRepository,0,0,0,0,0,0,0,0,0,0,0,0,0,0,0,0,0,0,0,0,0,0,0,0,0,0,0,0,0,0,0,0,0,0,0,0,0,0,0,0,0,0,0,0,0,0,0,5,0,0,0,0,0,0
ch.unisg.tapastasks.tasks.adapter.out.web.PropagateDeleteTaskWebAdapter,0,2,0,0.00%,1,0,1,15,16,0,10,2,2,1,0,0,1’337,0,1,0.00%,0,0.00%,0,0,1,3,3,19,10,28,25,1,0,19,1,0,11,0,0,1.00,1,1.00,6.00,6,1,0,0,12,6,0,0.00%,0,130,1
ch.unisg.tapastasks.tasks.adapter.out.web.PublishDelegatedTaskExecutedEventWebAdapter,0,3,0,0.00%,1,0,1,15,16,0,15,3,5,1,0,0,4’335,0,1,0.00%,0,0.00%,0,0,1,4,4,26,14,50,44,1,0,26,1,0,11,0,0,1.00,1,1.00,9.00,9,2,0,0,16,9,0,0.00%,0,272,1
ch.unisg.tapastasks.tasks.adapter.out.web.PublishNewTaskAddedEventWebAdapter,0,3,4,12.50%,1,0,1,15,16,0,13,2,2,1,1,1,3’007,0,1,0.00%,0,0.00%,0,0,1,3,3,32,13,43,34,1,0,28,1,0,11,0,0,1.00,1,1.00,11.00,11,1,1,0,15,11,0,14.29%,0,218,1
ch.unisg.tapastasks.tasks.application.handler.TaskAssignedHandler,0,6,0,0.00%,0,1,1,16,17,0,13,6,18,1,0,0,1’575,0,1,0.00%,0,0.00%,0,0,1,6,6,16,7,27,20,1,0,16,1,0,11,0,0,2.00,2,1.00,6.00,6,3,0,1,8,6,0,0.00%,0,116,2
ch.unisg.tapastasks.tasks.application.handler.TaskExecutedHandler,0,10,1,3.85%,0,1,2,16,18,0,24,10,20,1,0,0,5’760,0,1,0.00%,0,0.00%,0,0,1,6,6,26,16,48,32,2,0,25,1,0,11,0,0,3.00,3,1.50,8.00,8,3,0,1,16,8,0,4.00%,0,240,3
ch.unisg.tapastasks.tasks.application.handler.TaskStartedHandler,0,6,0,0.00%,0,1,1,16,17,0,13,6,18,1,0,0,1’575,0,1,0.00%,0,0.00%,0,0,1,6,6,16,7,27,20,1,0,16,1,0,11,0,0,2.00,2,1.00,6.00,6,3,0,1,8,6,0,0.00%,0,116,2
ch.unisg.tapastasks.tasks.application.port.in.AddNewTaskToTaskListCommand,0,10,0,0.00%,0,1,5,24,29,0,3,5,5,2,5,5,355,0,0,0.00%,0,0.00%,0,0,5,2,2,19,1,26,15,4,1,19,5,0,9,3,0,1.00,1,0.67,5.00,5,2,3,8,10,5,0,0.00%,0,101,1
ch.unisg.tapastasks.tasks.application.port.in.AddNewTaskToTaskListUseCase,0,0,0,0,0,0,0,0,0,0,0,0,0,0,0,0,0,0,0,0,0,0,0,0,0,0,0,0,0,0,0,0,0,0,0,0,0,0,0,0,0,0,0,0,0,0,0,1,0,0,0,0,0,0
ch.unisg.tapastasks.tasks.application.port.in.CheckStatusOfTaskQuery,0,5,0,0.00%,0,1,2,21,23,0,3,2,2,2,3,3,122,0,0,0.00%,0,0.00%,0,0,2,2,2,9,1,11,9,1,1,9,2,0,9,3,0,1.00,1,0.50,2.00,2,2,3,5,7,2,0,0.00%,0,34,1
ch.unisg.tapastasks.tasks.application.port.in.CheckStatusOfTaskUseCase,0,0,0,0,0,0,0,0,0,0,0,0,0,0,0,0,0,0,0,0,0,0,0,0,0,0,0,0,0,0,0,0,0,0,0,0,0,0,0,0,0,0,0,0,0,0,0,1,0,0,0,0,0,0
ch.unisg.tapastasks.tasks.application.port.in.DeleteTaskFromTaskListQuery,0,5,0,0.00%,0,1,2,21,23,0,3,2,2,2,3,3,122,0,0,0.00%,0,0.00%,0,0,2,2,2,9,1,11,9,1,1,9,2,0,9,3,0,1.00,1,0.50,2.00,2,2,3,5,7,2,0,0.00%,0,34,1
ch.unisg.tapastasks.tasks.application.port.in.DeleteTaskFromTaskListUseCase,0,0,0,0,0,0,0,0,0,0,0,0,0,0,0,0,0,0,0,0,0,0,0,0,0,0,0,0,0,0,0,0,0,0,0,0,0,0,0,0,0,0,0,0,0,0,0,1,0,0,0,0,0,0
ch.unisg.tapastasks.tasks.application.port.in.RetrieveAllTasksUseCase,0,0,0,0,0,0,0,0,0,0,0,0,0,0,0,0,0,0,0,0,0,0,0,0,0,0,0,0,0,0,0,0,0,0,0,0,0,0,0,0,0,0,0,0,0,0,0,1,0,0,0,0,0,0
ch.unisg.tapastasks.tasks.application.port.in.RetrieveTaskFromTaskListQuery,0,5,0,0.00%,0,1,2,21,23,0,3,2,2,2,3,3,122,0,0,0.00%,0,0.00%,0,0,2,2,2,9,1,11,9,1,1,9,2,0,9,3,0,1.00,1,0.50,2.00,2,2,3,5,7,2,0,0.00%,0,34,1
ch.unisg.tapastasks.tasks.application.port.in.RetrieveTaskFromTaskListUseCase,0,0,0,0,0,0,0,0,0,0,0,0,0,0,0,0,0,0,0,0,0,0,0,0,0,0,0,0,0,0,0,0,0,0,0,0,0,0,0,0,0,0,0,0,0,0,0,1,0,0,0,0,0,0
ch.unisg.tapastasks.tasks.application.port.in.RetrieveTasksByStatusQuery,0,5,0,0.00%,0,1,2,21,23,0,3,2,2,2,3,3,122,0,0,0.00%,0,0.00%,0,0,2,2,2,9,1,11,9,1,1,9,2,0,9,3,0,1.00,1,0.50,2.00,2,2,3,5,7,2,0,0.00%,0,34,1
ch.unisg.tapastasks.tasks.application.port.in.RetrieveTasksByStatusUseCase,0,0,0,0,0,0,0,0,0,0,0,0,0,0,0,0,0,0,0,0,0,0,0,0,0,0,0,0,0,0,0,0,0,0,0,0,0,0,0,0,0,0,0,0,0,0,0,1,0,0,0,0,0,0
ch.unisg.tapastasks.tasks.application.port.in.TaskAssignedEvent,0,6,0,0.00%,0,1,3,22,25,0,3,3,3,2,3,4,193,0,0,0.00%,0,0.00%,0,0,3,2,2,12,1,16,11,2,1,12,3,0,9,3,0,1.00,1,0.57,3.00,3,2,3,6,8,3,0,0.00%,0,55,1
ch.unisg.tapastasks.tasks.application.port.in.TaskAssignedEventHandler,0,0,0,0,0,0,0,0,0,0,0,0,0,0,0,0,0,0,0,0,0,0,0,0,0,0,0,0,0,0,0,0,0,0,0,0,0,0,0,0,0,0,0,0,0,0,0,1,0,0,0,0,0,0
ch.unisg.tapastasks.tasks.application.port.in.TaskExecutedEvent,0,7,0,0.00%,0,1,4,23,27,0,3,4,4,2,3,4,271,0,0,0.00%,0,0.00%,0,0,4,2,2,15,1,21,13,3,1,15,4,0,9,3,0,1.00,1,0.62,4.00,4,2,3,7,9,4,0,0.00%,0,77,1
ch.unisg.tapastasks.tasks.application.port.in.TaskExecutedEventHandler,0,0,0,0,0,0,0,0,0,0,0,0,0,0,0,0,0,0,0,0,0,0,0,0,0,0,0,0,0,0,0,0,0,0,0,0,0,0,0,0,0,0,0,0,0,0,0,1,0,0,0,0,0,0
ch.unisg.tapastasks.tasks.application.port.in.TaskStartedEvent,0,6,0,0.00%,0,1,3,22,25,0,3,3,3,2,3,4,193,0,0,0.00%,0,0.00%,0,0,3,2,2,12,1,16,11,2,1,12,3,0,9,3,0,1.00,1,0.57,3.00,3,2,3,6,8,3,0,0.00%,0,55,1
ch.unisg.tapastasks.tasks.application.port.in.TaskStartedEventHandler,0,0,0,0,0,0,0,0,0,0,0,0,0,0,0,0,0,0,0,0,0,0,0,0,0,0,0,0,0,0,0,0,0,0,0,0,0,0,0,0,0,0,0,0,0,0,0,1,0,0,0,0,0,0
ch.unisg.tapastasks.tasks.application.port.out.AddTaskPort,0,0,0,0,0,0,0,0,0,0,0,0,0,0,0,0,0,0,0,0,0,0,0,0,0,0,0,0,0,0,0,0,0,0,0,0,0,0,0,0,0,0,0,0,0,0,0,1,0,0,0,0,0,0
ch.unisg.tapastasks.tasks.application.port.out.DelegatedTaskExecutedEvent,0,3,0,0.00%,0,1,3,14,17,0,1,0,0,1,3,3,71,0,0,0.00%,0,0.00%,0,0,0,1,1,10,0,15,9,3,0,10,0,0,11,0,0,1.00,1,3.00,3.00,3,0,3,0,1,3,0,0.00%,0,47,1
ch.unisg.tapastasks.tasks.application.port.out.DelegatedTaskExecutedEventPort,0,0,0,0,0,0,0,0,0,0,0,0,0,0,0,0,0,0,0,0,0,0,0,0,0,0,0,0,0,0,0,0,0,0,0,0,0,0,0,0,0,0,0,0,0,0,0,1,0,0,0,0,0,0
ch.unisg.tapastasks.tasks.application.port.out.DeleteTaskPort,0,0,0,0,0,0,0,0,0,0,0,0,0,0,0,0,0,0,0,0,0,0,0,0,0,0,0,0,0,0,0,0,0,0,0,0,0,0,0,0,0,0,0,0,0,0,0,1,0,0,0,0,0,0
ch.unisg.tapastasks.tasks.application.port.out.LoadTaskPort,0,0,0,0,0,0,0,0,0,0,0,0,0,0,0,0,0,0,0,0,0,0,0,0,0,0,0,0,0,0,0,0,0,0,0,0,0,0,0,0,0,0,0,0,0,0,0,2,0,0,0,0,0,0
ch.unisg.tapastasks.tasks.application.port.out.LoadTasksByStatusPort,0,0,0,0,0,0,0,0,0,0,0,0,0,0,0,0,0,0,0,0,0,0,0,0,0,0,0,0,0,0,0,0,0,0,0,0,0,0,0,0,0,0,0,0,0,0,0,1,0,0,0,0,0,0
ch.unisg.tapastasks.tasks.application.port.out.NewTaskAddedEvent,0,4,0,0.00%,0,1,4,14,18,0,1,0,0,1,4,5,98,0,0,0.00%,0,0.00%,0,0,0,1,1,12,0,19,11,4,0,12,0,0,11,0,0,1.00,1,4.00,4.00,4,0,3,0,1,4,0,0.00%,0,65,1
ch.unisg.tapastasks.tasks.application.port.out.NewTaskAddedEventPort,0,0,0,0,0,0,0,0,0,0,0,0,0,0,0,0,0,0,0,0,0,0,0,0,0,0,0,0,0,0,0,0,0,0,0,0,0,0,0,0,0,0,0,0,0,0,0,1,0,0,0,0,0,0
ch.unisg.tapastasks.tasks.application.port.out.PropagateDeleteTask,0,0,0,0,0,0,0,0,0,0,0,0,0,0,0,0,0,0,0,0,0,0,0,0,0,0,0,0,0,0,0,0,0,0,0,0,0,0,0,0,0,0,0,0,0,0,0,1,0,0,0,0,0,0
ch.unisg.tapastasks.tasks.application.port.out.PropagateDeleteTaskEvent,0,3,0,0.00%,0,1,1,15,16,0,2,0,0,1,3,3,36,0,0,0.00%,0,0.00%,0,0,1,1,1,7,0,7,6,1,0,7,1,0,11,0,0,1.00,1,0.50,1.00,1,0,3,1,2,1,0,0.00%,0,18,1
ch.unisg.tapastasks.tasks.application.port.out.TaskListLock,0,0,0,0,0,0,0,0,0,0,0,0,0,0,0,0,0,0,0,0,0,0,0,0,0,0,0,0,0,0,0,0,0,0,0,0,0,0,0,0,0,0,0,0,0,0,0,2,0,0,0,0,0,0
ch.unisg.tapastasks.tasks.application.port.out.UpdateTaskPort,0,0,0,0,0,0,0,0,0,0,0,0,0,0,0,0,0,0,0,0,0,0,0,0,0,0,0,0,0,0,0,0,0,0,0,0,0,0,0,0,0,0,0,0,0,0,0,1,0,0,0,0,0,0
ch.unisg.tapastasks.tasks.application.service.AddNewTaskToTaskListService,0,13,5,12.82%,0,1,3,16,19,0,51,12,21,1,1,1,21’300,0,1,0.00%,0,0.00%,0,0,1,6,6,39,28,78,39,3,0,34,1,0,11,0,0,4.00,4,2.00,14.00,14,3,1,1,23,14,0,14.71%,0,412,4
ch.unisg.tapastasks.tasks.application.service.AddNewTaskToTaskListServiceTest,0,12,0,0.00%,1,0,4,16,20,0,26,12,22,1,0,0,13’607,0,0,0.00%,0,0.00%,0,0,1,7,7,33,40,92,50,4,0,33,3,0,11,0,0,1.00,1,1.33,5.00,8,4,0,2,32,15,0,0.00%,0,519,3
ch.unisg.tapastasks.tasks.application.service.CheckStatusOfTaskService,0,6,0,0.00%,0,1,1,16,17,0,15,6,18,1,0,0,1’815,0,1,0.00%,0,0.00%,0,0,1,6,6,18,7,28,20,1,0,18,1,0,11,0,0,1.00,1,1.00,7.00,7,3,0,1,8,7,0,0.00%,0,121,1
ch.unisg.tapastasks.tasks.application.service.DeleteTaskFromTaskListService,0,9,0,0.00%,0,1,2,16,18,0,15,9,20,1,0,0,2’740,0,1,0.00%,0,0.00%,0,0,1,6,6,20,10,38,28,2,0,20,1,0,11,0,0,1.00,1,1.50,8.00,8,3,0,1,13,8,0,0.00%,0,182,1
ch.unisg.tapastasks.tasks.application.service.NoOpTaskListLock,0,2,2,18.18%,2,0,0,17,17,0,0,2,2,1,0,0,0,0,1,100.00%,0,0.00%,0,0,2,3,3,11,0,7,4,0,0,9,2,0,11,0,0,1.00,1,1.00,0.00,0,2,0,0,2,0,0,22.22%,0,14,2
ch.unisg.tapastasks.tasks.application.service.RetrieveAllTasksService,0,4,0,0.00%,0,1,1,16,17,0,5,4,14,1,0,0,304,0,1,0.00%,0,0.00%,0,0,1,5,5,14,2,16,14,1,0,14,1,0,11,0,0,1.00,1,0.50,4.00,4,3,0,1,4,4,0,0.00%,0,60,1
ch.unisg.tapastasks.tasks.application.service.RetrieveTaskFromTaskListService,0,6,0,0.00%,0,1,1,16,17,0,15,6,18,1,0,0,1’815,0,1,0.00%,0,0.00%,0,0,1,6,6,18,7,28,20,1,0,18,1,0,11,0,0,1.00,1,1.00,7.00,7,3,0,1,8,7,0,0.00%,0,121,1
ch.unisg.tapastasks.tasks.application.service.RetrieveTasksByStatusService,0,4,0,0.00%,0,1,1,16,17,0,5,4,14,1,0,0,259,0,1,0.00%,0,0.00%,0,0,1,5,5,13,2,14,13,1,0,13,1,0,11,0,0,1.00,1,1.00,2.00,2,3,0,1,4,2,0,0.00%,0,51,1
ch.unisg.tapastasks.tasks.archunit.Adapters,0,2,0,0.00%,3,1,4,27,31,2,19,2,3,2,1,2,6’804,0,0,0.00%,0,0.00%,0,0,3,2,4,45,13,69,34,3,1,45,8,0,14,0,0,1.33,4,0.78,2.11,5,1,1,5,17,19,0,0.00%,0,351,12
ch.unisg.tapastasks.tasks.archunit.ApplicationLayer,0,2,0,0.00%,3,1,5,27,32,2,18,2,3,2,1,2,7’312,0,0,0.00%,0,0.00%,0,0,3,2,4,42,15,82,31,4,1,42,8,0,14,0,0,1.00,1,0.89,2.00,5,1,1,5,17,18,0,0.00%,0,406,9
ch.unisg.tapastasks.tasks.archunit.ArchitectureElement,0,3,0,0.00%,4,1,1,21,22,0,18,0,0,1,3,3,7’134,0,0,0.00%,0,0.00%,0,0,3,1,1,50,0,70,42,1,0,50,7,3,11,0,0,1.38,3,1.50,1.38,3,0,1,3,21,11,3,0.00%,0,377,11
ch.unisg.tapastasks.tasks.archunit.HexagonalArchitecture,0,3,0,0.00%,2,1,5,26,31,2,29,3,3,2,2,2,16’329,0,0,0.00%,0,0.00%,0,0,2,2,4,44,19,106,37,4,1,44,7,0,14,0,0,1.00,1,1.00,2.50,8,1,1,5,23,20,0,0.00%,0,552,8
ch.unisg.tapastasks.tasks.domain.Task,0,41,5,8.93%,5,2,9,31,40,0,17,9,9,1,32,38,12’730,9,0,0.00%,1,0.00%,0,0,10,3,3,56,0,138,43,9,0,51,16,0,11,0,0,1.00,1,1.61,3.80,1,1,8,11,28,19,0,9.80%,0,748,5
ch.unisg.tapastasks.tasks.domain.Task.InputData,0,9,0,0.00%,0,1,1,18,19,0,0,0,0,1,9,41,0,0,0,0.00%,0,0.00%,0,0,1,1,1,4,0,3,3,1,0,4,1,0,8,3,0,0,0,0.40,0,0,0,6,4,5,0,0,0.00%,0,4,0
ch.unisg.tapastasks.tasks.domain.Task.OriginalTaskUri,0,8,0,0.00%,0,1,1,18,19,0,0,0,0,1,8,41,0,0,0,0.00%,0,0.00%,0,0,1,1,1,4,0,3,3,1,0,4,1,0,8,3,0,0,0,0.40,0,0,0,6,4,5,0,0,0.00%,0,4,0
ch.unisg.tapastasks.tasks.domain.Task.OutputData,0,9,0,0.00%,0,1,1,18,19,0,0,0,0,1,9,41,0,0,0,0.00%,0,0.00%,0,0,1,1,1,4,0,3,3,1,0,4,1,0,8,3,0,0,0,0.40,0,0,0,6,4,5,0,0,0.00%,0,4,0
ch.unisg.tapastasks.tasks.domain.Task.ServiceProvider,0,12,0,0.00%,0,1,1,18,19,0,0,0,0,1,12,45,0,0,0,0.00%,0,0.00%,0,0,1,1,1,4,0,3,3,1,0,4,1,0,8,3,0,0,0,0.40,0,0,0,5,4,5,0,0,0.00%,0,4,0
ch.unisg.tapastasks.tasks.domain.Task.Status,0,12,0,0.00%,0,0,6,30,36,0,0,0,0,0,12,41,0,0,3,0.00%,0,0.00%,0,0,2,1,1,3,0,2,2,4,2,3,2,0,21,0,0,0,0,0.50,0,0,0,7,2,2,0,0,0.00%,0,2,0
ch.unisg.tapastasks.tasks.domain.Task.TaskId,0,24,0,0.00%,0,1,1,18,19,0,0,0,0,1,24,51,0,0,0,0.00%,0,0.00%,0,0,1,1,1,4,0,3,3,1,0,4,1,0,8,3,0,0,0,0.40,0,0,0,8,4,5,0,0,0.00%,0,4,0
ch.unisg.tapastasks.tasks.domain.Task.TaskName,0,11,0,0.00%,0,1,1,18,19,0,0,0,0,1,11,41,0,0,0,0.00%,0,0.00%,0,0,1,1,1,4,0,3,3,1,0,4,1,0,8,3,0,0,0,0.40,0,0,0,7,4,5,0,0,0.00%,0,4,0
ch.unisg.tapastasks.tasks.domain.Task.TaskStatus,0,7,0,0.00%,0,1,1,18,19,0,0,1,1,1,6,39,0,0,0,0.00%,0,0.00%,0,0,1,2,2,4,0,3,3,1,0,4,1,0,8,3,0,0,0,0.40,0,0,1,3,4,5,0,0,0.00%,0,4,0
ch.unisg.tapastasks.tasks.domain.Task.TaskType,0,12,0,0.00%,0,1,1,18,19,0,0,0,0,1,12,41,0,0,0,0.00%,0,0.00%,0,0,1,1,1,4,0,3,3,1,0,4,1,0,8,3,0,0,0,0.40,0,0,0,7,4,5,0,0,0.00%,0,4,0
ch.unisg.tapastasks.tasks.domain.TaskList,0,23,9,11.84%,2,1,4,27,31,0,36,12,13,1,11,13,32’959,2,0,0.00%,1,0.00%,0,0,3,5,5,76,0,155,58,4,0,67,13,0,11,0,0,1.25,1,1.50,2.25,1,1,5,11,31,27,0,13.43%,0,907,15
ch.unisg.tapastasks.tasks.domain.TaskList.ListOfTasks,0,5,0,0.00%,0,1,1,18,19,0,0,1,10,1,4,14,0,0,0,0.00%,0,0.00%,0,0,1,4,4,4,0,4,4,1,0,4,1,0,8,3,0,0,0,0.40,0,0,1,3,4,5,0,0,0.00%,0,8,0
ch.unisg.tapastasks.tasks.domain.TaskList.TaskListName,0,9,0,0.00%,0,1,1,18,19,0,0,0,0,1,9,19,0,0,0,0.00%,0,0.00%,0,0,1,1,1,4,0,4,4,1,0,4,1,0,8,3,0,0,0,0.40,0,0,0,4,4,5,0,0,0.00%,0,8,0
ch.unisg.tapastasks.tasks.domain.TaskListTest,0,7,0,0.00%,3,0,0,16,16,0,21,7,14,1,0,0,8’219,0,0,100.00%,0,0.00%,0,0,3,6,6,35,28,72,39,0,0,35,3,0,11,0,0,1.00,1,0.00,6.00,7,1,0,0,24,18,0,0.00%,0,380,3
ch.unisg.tapastasks.tasks.domain.TaskNotFoundError,0,24,0,0.00%,0,0,6,45,51,0,0,0,0,3,24,28,0,0,1,100.00%,0,100.00%,0,0,0,1,1,1,0,3,3,0,6,1,0,0,25,0,0,0,0,0.00,0,0,0,8,0,0,0,0,0.00%,0,4,0